game_id,fold,player,player_id,team,opp,date,pri_min,gap_days,prev_gid,tier,ppg,team_margin
0022401217,1,Al Horford,201143,BOS,WAS,2024-12-15,28.19,2.0,22401205,3,9.8,14.0
0022401219,1,Deandre Ayton,1629028,POR,PHX,2024-12-16,31.36,7.0,22400358,3,14.866666666666667,-7.0
0022401225,1,Christian Braun,1631128,DEN,SAC,2024-12-17,33.52,3.0,22401213,3,15.2,1.0
0022401222,1,Joel Embiid,203954,PHI,CHA,2024-12-17,29.97,3.0,22401209,1,27.0,13.0
0022401225,1,Keegan Murray,1631099,SAC,DEN,2024-12-17,34.26,4.0,22401207,3,11.733333333333333,-1.0
0022401223,1,Scottie Barnes,1630567,TOR,CHI,2024-12-17,31.89,7.0,22400359,1,19.6,-1.0
0022401221,1,Tobias Harris,202699,DET,MIA,2024-12-17,28.74,4.0,22401205,3,13.466666666666669,1.0
0022401223,1,Zach LaVine,203897,CHI,TOR,2024-12-17,31.33,3.0,22401212,2,21.133333333333333,1.0
0022400362,1,Brandon Miller,1641706,CHA,WAS,2024-12-20,34.44,3.0,22401222,2,23.933333333333337,-9.0
0022400367,1,Josh Hart,1628404,NYK,MIN,2024-12-20,35.2,5.0,22401227,3,14.8,26.0
0022400368,1,Luka Dončić,1629029,DAL,LAC,2024-12-20,37.8,4.0,22401228,1,29.533333333333335,-23.0
0022400364,1,RJ Barrett,1629628,TOR,BKN,2024-12-20,33.41,3.0,22401223,2,24.266666666666666,-7.0
0022400374,1,Damian Lillard,203081,MIL,CLE,2024-12-21,37.7,7.0,22401229,1,25.2,-23.0
0022400373,1,LaMelo Ball,1630163,CHA,PHI,2024-12-21,35.07,1.0,22400362,2,29.866666666666667,-10.0
0022400387,1,Devin Booker,1626164,PHX,DET,2024-12-22,35.0,2.0,22400369,1,25.8,-8.0
0022400379,1,Dorian Finney-Smith,1627827,BKN,UTA,2024-12-22,29.44,2.0,22400364,3,11.2,-11.0
0022400378,1,Ja Morant,1629630,MEM,ATL,2024-12-22,28.46,2.0,22400366,2,20.133333333333333,16.0
0022400377,1,Jimmy Butler,202710,MIA,ORL,2024-12-22,31.34,1.0,22400375,2,20.6,-7.0
0022400380,1,Joel Embiid,203954,PHI,CLE,2024-12-22,29.63,1.0,22400373,1,27.066666666666663,-27.0
0022400379,1,Keyonte George,1641718,UTA,BKN,2024-12-22,31.01,2.0,22400360,3,16.8,11.0
0022400385,1,Luka Dončić,1629029,DAL,LAC,2024-12-22,37.8,6.0,22401228,1,29.533333333333335,16.0
0022400380,1,Max Strus,1629622,CLE,PHI,2024-12-22,29.32,1.0,22400374,3,11.866666666666667,27.0
0022400388,1,RJ Barrett,1629628,TOR,HOU,2024-12-22,33.41,5.0,22401223,2,24.266666666666666,-4.0
0022400378,1,Trae Young,1629027,ATL,MEM,2024-12-22,40.79,2.0,22400370,1,20.4,-16.0
0022400400,1,Bilal Coulibaly,1641731,WAS,OKC,2024-12-24,34.76,2.0,22400382,3,11.666666666666666,-18.0
0022400395,1,Bogdan Bogdanovic,203992,ATL,MIN,2024-12-24,28.01,2.0,22400378,3,11.6,13.0
0022400391,1,Brandon Miller,1641706,CHA,HOU,2024-12-24,34.44,7.0,22401222,2,23.933333333333337,-13.0
0022400402,1,Devin Booker,1626164,PHX,DEN,2024-12-24,35.0,4.0,22400369,1,25.8,-27.0
0022400391,1,Dillon Brooks,1628415,HOU,CHA,2024-12-24,35.38,2.0,22400388,3,15.0,13.0
0022400396,1,Dorian Finney-Smith,1627827,BKN,MIA,2024-12-24,29.44,4.0,22400364,3,11.2,-15.0
0022400397,1,Jakob Poeltl,1627751,TOR,NYK,2024-12-24,30.02,7.0,22401223,3,16.4,-14.0
0022400402,1,Jamal Murray,1627750,DEN,PHX,2024-12-24,38.08,1.0,22400390,2,20.0,27.0
0022400396,1,Jimmy Butler,202710,MIA,BKN,2024-12-24,31.34,3.0,22400375,2,20.6,15.0
0022400392,1,John Collins,1628381,UTA,CLE,2024-12-24,33.33,2.0,22400379,3,17.066666666666666,-11.0
0022400407,1,Jrue Holiday,201950,BOS,PHI,2024-12-25,28.01,1.0,22400393,3,11.733333333333333,-4.0
0022400409,1,Devin Booker,1626164,PHX,DEN,2024-12-26,35.0,6.0,22400369,1,25.8,10.0
0022400413,1,Ayo Dosunmu,1630245,CHI,ATL,2024-12-27,35.02,3.0,22400398,3,14.333333333333334,-8.0
0022400413,1,Bogdan Bogdanovic,203992,ATL,CHI,2024-12-27,28.01,5.0,22400378,3,11.6,8.0
0022400416,1,Dillon Brooks,1628415,HOU,NOP,2024-12-27,35.38,5.0,22400388,3,15.0,17.0
0022400418,1,Domantas Sabonis,1627734,SAC,DET,2024-12-27,36.35,5.0,22400389,2,21.733333333333334,-1.0
0022400415,1,Dorian Finney-Smith,1627827,BKN,MIL,2024-12-27,29.44,7.0,22400364,3,11.2,6.0
0022400411,1,Jimmy Butler,202710,MIA,ORL,2024-12-27,31.34,6.0,22400375,2,20.6,1.0
0022400417,1,John Collins,1628381,UTA,POR,2024-12-27,33.33,5.0,22400379,3,17.066666666666666,-2.0
0022400424,1,Aaron Gordon,203932,DEN,CLE,2024-12-28,29.01,2.0,22400409,3,14.2,-14.0
0022400428,1,Brandon Miller,1641706,CHA,OKC,2024-12-28,35.58,1.0,22400412,2,24.266666666666666,-12.0
0022400421,1,Cameron Johnson,1629661,BKN,SAS,2024-12-28,33.3,1.0,22400415,2,21.666666666666668,-9.0
0022400422,1,Dillon Brooks,1628415,HOU,MIN,2024-12-28,35.38,6.0,22400388,3,15.0,-1.0
0022400427,1,Dyson Daniels,1630700,ATL,MIA,2024-12-28,33.54,1.0,22400413,3,12.0,10.0
0022400427,1,Jimmy Butler,202710,MIA,ATL,2024-12-28,31.34,7.0,22400375,2,20.6,-10.0
0022400420,1,Jrue Holiday,201950,BOS,IND,2024-12-28,28.01,4.0,22400393,3,11.733333333333333,37.0
0022400428,1,Luguentz Dort,1629652,OKC,CHA,2024-12-28,29.21,1.0,22400410,3,9.933333333333334,12.0
0022400426,1,Stephen Curry,201939,GSW,LAC,2024-12-28,32.72,2.0,22400408,1,22.266666666666666,-10.0
0022400432,1,Aaron Gordon,203932,DEN,DET,2024-12-29,29.01,3.0,22400409,3,14.2,13.0
0022400430,1,Ayo Dosunmu,1630245,CHI,MIL,2024-12-29,35.02,5.0,22400398,3,14.333333333333334,5.0
0022400438,1,Dyson Daniels,1630700,ATL,TOR,2024-12-29,33.54,2.0,22400413,3,12.0,29.0
0022400433,1,John Collins,1628381,UTA,PHI,2024-12-29,33.33,7.0,22400379,3,17.066666666666666,-3.0
0022400429,1,Jordan Poole,1629673,WAS,NYK,2024-12-29,35.39,2.0,22400412,2,20.4,-4.0
0022400437,1,Jrue Holiday,201950,BOS,IND,2024-12-29,28.01,5.0,22400393,3,11.733333333333333,-9.0
0022400435,1,LeBron James,2544,LAL,SAC,2024-12-29,35.02,3.0,22400408,1,23.733333333333334,10.0
0022400434,1,P.J. Washington,1629023,DAL,POR,2024-12-29,30.9,1.0,22400425,3,13.8,-4.0
0022400434,1,Toumani Camara,1641739,POR,DAL,2024-12-29,31.49,2.0,22400417,3,9.666666666666666,4.0
0022400445,1,Aaron Gordon,203932,DEN,UTA,2024-12-31,29.01,5.0,22400409,3,14.2,11.0
0022400442,1,Ayo Dosunmu,1630245,CHI,CHA,2024-12-31,35.02,7.0,22400398,3,14.333333333333334,7.0
0022400442,1,Brandon Miller,1641706,CHA,CHI,2024-12-31,35.58,4.0,22400412,2,24.266666666666666,-7.0
0022400447,1,Jerami Grant,203924,POR,PHI,2024-12-31,31.41,2.0,22400434,3,13.4,-22.0
0022400443,1,Jordan Poole,1629673,WAS,NYK,2024-12-31,35.39,4.0,22400412,2,20.4,-20.0
0022400448,1,Kyrie Irving,202681,DAL,SAC,2024-12-31,36.14,2.0,22400434,1,24.733333333333334,-10.0
0022400449,1,RJ Barrett,1629628,TOR,BOS,2024-12-31,33.3,2.0,22400438,2,22.8,-54.0
0022400461,1,Aaron Gordon,203932,DEN,ATL,2025-01-02,29.01,7.0,22400409,3,14.2,19.0
0022400460,1,Amen Thompson,1641708,HOU,DAL,2025-01-02,32.54,3.0,22400439,3,13.0,11.0
0022400459,1,Cam Thomas,1630560,BKN,TOR,2025-01-02,29.09,4.0,22400436,2,23.066666666666663,-17.0
0022400458,1,Jalen Brunson,1628973,NYK,UTA,2025-01-02,38.94,2.0,22400443,1,24.666666666666668,16.0
0022400461,1,Jalen Johnson,1630552,ATL,DEN,2025-01-02,34.73,4.0,22400438,2,20.266666666666666,-19.0
0022400462,1,Keegan Murray,1631099,SAC,PHI,2025-01-02,31.06,2.0,22400448,3,10.333333333333334,6.0
0022400462,1,Kelly Oubre Jr.,1626162,PHI,SAC,2025-01-02,33.63,2.0,22400447,3,12.8,-6.0
0022400459,1,RJ Barrett,1629628,TOR,BKN,2025-01-02,33.3,4.0,22400438,2,22.8,17.0
0022400457,1,Terry Rozier,1626179,MIA,NOP,2025-01-02,28.75,3.0,22400439,3,11.8,11.0
0022400468,1,Anthony Davis,203076,LAL,POR,2025-01-03,31.14,2.0,22400454,1,23.6,8.0
0022400465,1,Ben Simmons,1627732,BKN,MIL,2025-01-03,28.2,1.0,22400459,3,6.733333333333333,3.0
0022400466,1,James Harden,201935,LAC,OKC,2025-01-03,34.2,2.0,22400451,1,23.6,-18.0
0022400464,1,Jaylen Brown,1627759,BOS,MIN,2025-01-03,35.61,3.0,22400449,1,23.666666666666668,3.0
0022400467,1,Kelly Oubre Jr.,1626162,PHI,GSW,2025-01-03,33.63,3.0,22400447,3,12.8,-34.0
0022400471,1,Amen Thompson,1641708,HOU,BOS,2025-01-04,32.54,5.0,22400439,3,13.0,-23.0
0022400472,1,Bilal Coulibaly,1641731,WAS,NOP,2025-01-04,29.65,2.0,22400456,3,12.4,-12.0
0022400478,1,Cameron Johnson,1629661,BKN,PHI,2025-01-04,31.64,1.0,22400465,3,19.8,-29.0
0022400471,1,Jaylen Brown,1627759,BOS,HOU,2025-01-04,35.61,4.0,22400449,1,23.666666666666668,23.0
0022400475,1,Jeremy Sochan,1631110,SAS,DEN,2025-01-04,30.27,3.0,22400451,3,13.266666666666667,3.0
0022400476,1,Keegan Murray,1631099,SAC,MEM,2025-01-04,31.06,4.0,22400448,3,10.333333333333334,5.0
0022400478,1,Kelly Oubre Jr.,1626162,PHI,BKN,2025-01-04,33.63,4.0,22400447,3,12.8,29.0
0022400474,1,Kyrie Irving,202681,DAL,CLE,2025-01-04,35.99,2.0,22400460,1,24.533333333333335,-12.0
0022400470,1,RJ Barrett,1629628,TOR,ORL,2025-01-04,33.3,6.0,22400438,2,22.8,-9.0
0022400486,1,Jalen Johnson,1630552,ATL,LAC,2025-01-05,34.82,1.0,22400477,3,19.8,-26.0
0022400483,1,Jerami Grant,203924,POR,MIL,2025-01-05,31.41,7.0,22400468,3,13.4,3.0
0022400489,1,Jordan Poole,1629673,WAS,NOP,2025-01-05,33.27,1.0,22400472,2,22.133333333333333,-12.0
0022400485,1,Stephen Curry,201939,GSW,MEM,2025-01-05,32.84,2.0,22400467,1,21.666666666666668,8.0
0022400492,1,De'Aaron Fox,1628368,SAC,GSW,2025-01-06,37.8,2.0,22400476,2,24.6,30.0
0022400495,1,Cameron Johnson,1629661,BKN,IND,2025-01-07,31.64,4.0,22400465,3,19.8,-14.0
0022400501,1,De'Aaron Fox,1628368,SAC,MIA,2025-01-07,37.8,3.0,22400476,2,24.6,5.0
0022400499,1,Desmond Bane,1630217,MEM,DAL,2025-01-07,33.39,2.0,22400485,3,19.2,15.0
0022400496,1,Karl-Anthony Towns,1626157,NYK,ORL,2025-01-07,39.59,2.0,22400482,1,25.2,-9.0
0022400499,1,Kyrie Irving,202681,DAL,MEM,2025-01-07,35.99,5.0,22400460,1,24.533333333333335,-15.0
0022400507,1,Derrick White,1628401,BOS,DEN,2025-01-08,34.92,3.0,22400487,3,15.666666666666666,12.0
0022400506,1,Jalen Johnson,1630552,ATL,UTA,2025-01-08,34.82,4.0,22400477,3,19.8,3.0
0022400506,1,John Collins,1628381,UTA,ATL,2025-01-08,34.42,3.0,22400481,3,17.6,-3.0
0022400503,1,Jordan Poole,1629673,WAS,HOU,2025-01-08,33.27,4.0,22400472,2,22.133333333333333,-23.0
0022400504,1,Kyrie Irving,202681,DAL,LAL,2025-01-08,35.99,6.0,22400460,1,24.533333333333335,21.0
0022400507,1,Nikola Jokic,203999,DEN,BOS,2025-01-08,38.03,3.0,22400484,1,32.53333333333333,-12.0
0022400505,1,Trey Murphy III,1630530,NOP,MIN,2025-01-08,35.88,3.0,22400489,2,21.866666666666667,-7.0
0022400513,1,Cameron Johnson,1629661,BKN,DET,2025-01-09,31.64,6.0,22400465,3,19.8,-15.0
0022400516,1,Jeremy Sochan,1631110,SAS,MIL,2025-01-09,28.96,2.0,22400498,3,12.8,-16.0
0022400512,1,Jordan Poole,1629673,WAS,PHI,2025-01-09,33.27,5.0,22400472,2,22.133333333333333,-6.0
0022400515,1,Kawhi Leonard,202695,LAC,DEN,2025-01-09,29.95,2.0,22400500,1,21.0,-23.0
0022400510,1,Myles Turner,1626167,IND,CHI,2025-01-09,31.76,2.0,22400495,3,14.4,16.0
0022400515,1,Nikola Jokic,203999,DEN,LAC,2025-01-09,38.03,4.0,22400484,1,32.53333333333333,23.0
0022400512,1,Paul George,202331,PHI,WAS,2025-01-09,31.48,2.0,22400494,1,16.733333333333334,6.0
0022400514,1,Trey Murphy III,1630530,NOP,POR,2025-01-09,35.88,4.0,22400489,2,21.866666666666667,-19.0
0022400517,1,Donovan Mitchell,1628378,CLE,TOR,2025-01-10,29.8,1.0,22400509,1,20.466666666666665,6.0
0022400522,1,Jalen Johnson,1630552,ATL,PHX,2025-01-10,34.82,6.0,22400477,3,19.8,-8.0
0022400523,1,John Collins,1628381,UTA,MIA,2025-01-10,34.42,5.0,22400481,3,17.6,-5.0
0022400525,1,Stephen Curry,201939,GSW,IND,2025-01-11,31.77,1.0,22400518,1,22.533333333333335,-12.0
0022400850,2,Aaron Gordon,203932,DEN,DET,2025-03-01,29.63,1.0,22400846,3,12.266666666666667,15.0
0022400854,2,Andrew Wiggins,203952,MIA,IND,2025-03-01,37.18,2.0,22400841,3,19.6,5.0
0022400858,2,Anthony Edwards,1630162,MIN,UTA,2025-03-01,34.9,1.0,22400849,1,29.733333333333334,-1.0
0022400857,2,Bradley Beal,203078,PHX,NOP,2025-03-01,38.2,3.0,22400832,3,17.6,17.0
0022400857,2,CJ McCollum,203468,NOP,PHX,2025-03-01,34.09,1.0,22400848,2,22.0,-17.0
0022400853,2,Jerami Grant,203924,POR,BKN,2025-03-01,34.02,2.0,22400839,3,13.933333333333334,19.0
0022400860,2,Jordan Poole,1629673,WAS,CHA,2025-03-01,33.22,2.0,22400839,3,19.466666666666665,13.0
0022400860,2,KJ Simpson,1642354,CHA,WAS,2025-03-01,29.7,1.0,22400847,3,9.0,-13.0
0022400852,2,Kristaps Porziņģis,204001,BOS,CLE,2025-03-01,30.72,2.0,22400836,3,19.266666666666666,-7.0
0022400858,2,Lauri Markkanen,1628374,UTA,MIN,2025-03-01,33.09,6.0,22400809,3,19.0,1.0
0022400855,2,Nikola Vučević,202696,CHI,TOR,2025-03-01,31.81,7.0,22400806,3,15.266666666666667,10.0
0022400866,2,Aaron Gordon,203932,DEN,BOS,2025-03-02,29.63,2.0,22400846,3,12.266666666666667,-7.0
0022400869,2,Andrew Wiggins,203952,MIA,NYK,2025-03-02,37.18,3.0,22400841,3,19.6,-4.0
0022400863,2,Desmond Bane,1630217,MEM,SAS,2025-03-02,37.74,1.0,22400856,2,21.133333333333333,-2.0
0022400867,2,Donovan Mitchell,1628378,CLE,POR,2025-03-02,29.85,1.0,22400852,1,27.0,4.0
0022400867,2,Jerami Grant,203924,POR,CLE,2025-03-02,34.02,3.0,22400839,3,13.933333333333334,-4.0
0022400864,2,Jimmy Butler,202710,GSW,PHI,2025-03-02,28.91,2.0,22400845,3,15.466666666666669,-7.0
0022400866,2,Kristaps Porziņģis,204001,BOS,DEN,2025-03-02,30.72,3.0,22400836,3,19.266666666666666,7.0
0022400872,2,John Collins,1628381,UTA,NOP,2025-03-03,33.56,2.0,22400858,3,19.733333333333334,-7.0
0022400874,2,Rui Hachimura,1629060,LAL,LAC,2025-03-03,33.15,3.0,22400849,3,15.666666666666666,6.0
0022400879,2,Amen Thompson,1641708,HOU,OKC,2025-03-04,36.05,2.0,22400862,3,14.666666666666666,-9.0
0022400877,2,Andrew Wiggins,203952,MIA,WAS,2025-03-04,37.18,5.0,22400841,3,19.6,16.0
0022400878,2,Ja Morant,1629630,MEM,ATL,2025-03-04,34.67,3.0,22400856,3,19.933333333333337,-2.0
0022400876,2,Jerami Grant,203924,POR,PHI,2025-03-04,34.02,5.0,22400839,3,13.933333333333334,17.0
0022400881,2,John Collins,1628381,UTA,DET,2025-03-04,33.56,3.0,22400858,3,19.733333333333334,-28.0
0022400877,2,Jordan Poole,1629673,WAS,MIA,2025-03-04,33.22,5.0,22400839,3,19.466666666666665,-16.0
0022400875,2,KJ Simpson,1642354,CHA,GSW,2025-03-04,29.7,4.0,22400847,3,9.0,-18.0
0022400876,2,Kelly Oubre Jr.,1626162,PHI,POR,2025-03-04,37.47,2.0,22400864,3,17.733333333333334,-17.0
0022400881,2,Tobias Harris,202699,DET,UTA,2025-03-04,32.72,2.0,22400861,3,17.266666666666666,28.0
0022400886,2,Evan Mobley,1630596,CLE,CHI,2025-03-05,29.61,3.0,22400867,1,19.333333333333332,22.0
0022400882,2,Fred VanVleet,1627832,HOU,IND,2025-03-05,31.63,3.0,22400862,3,13.2,-13.0
0022400886,2,Josh Giddey,1630581,CHI,CLE,2025-03-05,36.94,3.0,22400868,3,17.933333333333334,-22.0
0022400885,2,Karl-Anthony Towns,1626157,NYK,GSW,2025-03-05,37.93,3.0,22400869,1,22.733333333333334,-12.0
0022400889,2,Norman Powell,1626181,LAC,PHX,2025-03-05,32.84,2.0,22400874,2,23.866666666666667,-2.0
0022400890,2,Rui Hachimura,1629060,LAL,NOP,2025-03-05,33.15,5.0,22400849,3,15.666666666666666,21.0
0022400896,2,Aaron Gordon,203932,DEN,SAC,2025-03-06,29.63,6.0,22400846,3,12.266666666666667,6.0
0022400893,2,Andrew Wiggins,203952,MIA,CLE,2025-03-06,37.18,7.0,22400841,3,19.6,-5.0
0022400891,2,Jayson Tatum,1628369,BOS,POR,2025-03-06,37.66,4.0,22400866,1,26.333333333333332,10.0
0022400891,2,Jerami Grant,203924,POR,BOS,2025-03-06,34.02,7.0,22400839,3,13.933333333333334,-10.0
0022400894,2,John Collins,1628381,UTA,WAS,2025-03-06,33.56,5.0,22400858,3,19.733333333333334,-3.0
0022400894,2,Jordan Poole,1629673,WAS,UTA,2025-03-06,33.22,7.0,22400839,3,19.466666666666665,3.0
0022400892,2,KJ Simpson,1642354,CHA,MIN,2025-03-06,29.7,6.0,22400847,3,9.0,-15.0
0022400898,2,Kawhi Leonard,202695,LAC,DET,2025-03-06,35.56,1.0,22400889,1,19.066666666666663,8.0
0022400896,2,Malik Monk,1628370,SAC,DEN,2025-03-06,30.39,2.0,22400880,3,16.6,-6.0
0022400895,2,Santi Aldama,1630583,MEM,OKC,2025-03-06,31.46,4.0,22400863,3,11.666666666666666,-17.0
0022400898,2,Tobias Harris,202699,DET,LAC,2025-03-06,32.72,4.0,22400861,3,17.266666666666666,-8.0
0022400902,2,Fred VanVleet,1627832,HOU,NOP,2025-03-07,31.63,5.0,22400862,3,13.2,12.0
0022400900,2,Jaylen Brown,1627759,BOS,PHI,2025-03-07,35.85,1.0,22400891,1,22.2,18.0
0022400903,2,Rui Hachimura,1629060,LAL,NYK,2025-03-07,33.15,7.0,22400849,3,15.666666666666666,4.0
0022400899,2,Tyrese Haliburton,1630169,IND,ATL,2025-03-07,35.01,2.0,22400882,1,22.0,-6.0
0022400912,2,Cameron Johnson,1629661,BKN,CHA,2025-03-08,30.56,1.0,22400901,3,17.2,-3.0
0022400908,2,Deni Avdija,1630166,POR,OKC,2025-03-08,29.0,2.0,22400891,3,14.0,-18.0
0022400905,2,John Collins,1628381,UTA,TOR,2025-03-08,33.56,7.0,22400858,3,19.733333333333334,-9.0
0022400912,2,LaMelo Ball,1630163,CHA,BKN,2025-03-08,30.51,2.0,22400892,2,20.0,3.0
0022400910,2,Malik Monk,1628370,SAC,SAS,2025-03-08,30.39,4.0,22400880,3,16.6,18.0
0022400911,2,Norman Powell,1626181,LAC,NYK,2025-03-08,32.84,5.0,22400874,2,23.866666666666667,10.0
0022400905,2,RJ Barrett,1629628,TOR,UTA,2025-03-08,35.01,3.0,22400883,3,19.733333333333334,9.0
0022400908,2,Shai Gilgeous-Alexander,1628983,OKC,POR,2025-03-08,33.77,2.0,22400895,1,33.333333333333336,18.0
0022400923,2,CJ McCollum,203468,NOP,MEM,2025-03-09,30.77,2.0,22400902,2,20.266666666666666,-3.0
0022400913,2,Fred VanVleet,1627832,HOU,NOP,2025-03-09,31.63,7.0,22400862,3,13.2,29.0
0022400915,2,Immanuel Quickley,1630193,TOR,WAS,2025-03-09,31.47,1.0,22400905,3,17.933333333333334,-1.0
0022400923,2,Santi Aldama,1630583,MEM,NOP,2025-03-09,29.49,1.0,22400906,3,11.933333333333334,3.0
0022400914,2,Tyrese Haliburton,1630169,IND,ATL,2025-03-09,35.01,4.0,22400882,1,22.0,-2.0
0022400926,2,Deni Avdija,1630166,POR,DET,2025-03-10,29.0,4.0,22400891,3,14.0,-7.0
0022400929,2,Jayson Tatum,1628369,BOS,UTA,2025-03-10,37.56,1.0,22400918,1,29.0,6.0
0022400928,2,Kelly Oubre Jr.,1626162,PHI,ATL,2025-03-10,35.16,1.0,22400924,3,17.4,-9.0
0022400930,2,LeBron James,2544,LAL,BKN,2025-03-10,37.86,1.0,22400918,1,28.733333333333334,-3.0
0022400927,2,Malik Monk,1628370,SAC,LAC,2025-03-10,30.39,6.0,22400880,3,16.6,-1.0
0022400927,2,Norman Powell,1626181,LAC,SAC,2025-03-10,32.84,7.0,22400874,2,23.866666666666667,1.0
0022400928,2,Trae Young,1629027,ATL,PHI,2025-03-10,35.02,1.0,22400914,1,26.066666666666663,9.0
0022400936,2,Aaron Gordon,203932,DEN,OKC,2025-03-11,28.58,2.0,22400920,3,12.933333333333334,13.0
0022400934,2,Amen Thompson,1641708,HOU,ORL,2025-03-11,35.93,2.0,22400913,3,14.866666666666667,13.0
0022400935,2,Bradley Beal,203078,PHX,MEM,2025-03-11,33.52,2.0,22400921,3,18.4,-2.0
0022400940,2,Donovan Mitchell,1628378,CLE,BKN,2025-03-11,32.62,1.0,22400922,1,25.2,5.0
0022400935,2,Santi Aldama,1630583,MEM,PHX,2025-03-11,29.49,3.0,22400906,3,11.933333333333334,2.0
0022400933,2,Tyrese Haliburton,1630169,IND,CHI,2025-03-11,35.01,6.0,22400882,1,22.0,-18.0
0022400947,2,Guerschon Yabusele,1627824,PHI,TOR,2025-03-12,28.41,2.0,22400928,3,12.133333333333333,-13.0
0022400946,2,Jalen Williams,1631114,OKC,BOS,2025-03-12,30.22,1.0,22400936,1,22.733333333333334,6.0
0022400947,2,RJ Barrett,1629628,TOR,PHI,2025-03-12,33.34,2.0,22400932,3,19.933333333333337,13.0
0022400952,2,Aaron Gordon,203932,DEN,MIN,2025-03-13,28.58,4.0,22400920,3,12.933333333333334,-20.0
0022400949,2,Amen Thompson,1641708,HOU,PHX,2025-03-13,35.93,4.0,22400913,3,14.866666666666667,7.0
0022400948,2,Kawhi Leonard,202695,LAC,MIA,2025-03-13,38.8,1.0,22400943,1,20.6,15.0
0022400950,2,Keyonte George,1641718,UTA,MEM,2025-03-13,29.57,4.0,22400924,3,18.6,-7.0
0022400955,2,LeBron James,2544,LAL,MIL,2025-03-13,37.86,4.0,22400918,1,28.733333333333334,-20.0
0022400950,2,Santi Aldama,1630583,MEM,UTA,2025-03-13,29.49,5.0,22400906,3,11.933333333333334,7.0
0022400958,2,Jaylen Brown,1627759,BOS,MIA,2025-03-14,38.61,2.0,22400946,1,22.2,12.0
0022400956,2,Josh Giddey,1630581,CHI,BKN,2025-03-14,37.1,3.0,22400933,2,20.533333333333335,6.0
0022400959,2,Quentin Grimes,1629656,PHI,IND,2025-03-14,33.52,2.0,22400947,3,18.6,-12.0
0022400961,2,Amen Thompson,1641708,HOU,DAL,2025-03-15,35.93,6.0,22400913,3,14.866666666666667,37.0
0022400968,2,Derrick White,1628401,BOS,BKN,2025-03-15,33.9,1.0,22400958,3,18.733333333333334,2.0
0022400962,2,Donovan Mitchell,1628378,CLE,MEM,2025-03-15,32.62,5.0,22400922,1,25.2,9.0
0022400969,2,Jalen Williams,1631114,OKC,DET,2025-03-15,30.22,4.0,22400936,1,22.733333333333334,6.0
0022400963,2,Kentavious Caldwell-Pope,203484,ORL,MIN,2025-03-15,29.25,1.0,22401141,3,8.4,-7.0
0022400966,2,Keyonte George,1641718,UTA,TOR,2025-03-15,29.57,6.0,22400924,3,18.6,-8.0
0022400965,2,Luka Dončić,1629029,LAL,DEN,2025-03-15,39.51,2.0,22400955,1,24.866666666666667,-5.0
0022400968,2,Nic Claxton,1629651,BKN,BOS,2025-03-15,30.2,1.0,22400956,3,11.0,-2.0
0022400962,2,Santi Aldama,1630583,MEM,CLE,2025-03-15,29.49,7.0,22400906,3,11.933333333333334,-9.0
0022400970,2,Amen Thompson,1641708,HOU,CHI,2025-03-16,35.93,7.0,22400913,3,14.866666666666667,3.0
0022400979,2,Evan Mobley,1630596,CLE,ORL,2025-03-16,32.51,1.0,22400962,1,20.266666666666666,-5.0
0022400971,2,Ja Morant,1629630,MEM,MIA,2025-03-16,34.07,1.0,22400962,2,25.066666666666663,34.0
0022400970,2,Josh Giddey,1630581,CHI,HOU,2025-03-16,37.1,5.0,22400933,2,20.533333333333335,-3.0
0022400981,2,Keyonte George,1641718,UTA,MIN,2025-03-16,29.57,7.0,22400924,3,18.6,-26.0
0022400538,2,Kris Dunn,1627739,LAC,CHA,2025-03-16,28.3,2.0,22400960,3,7.2,35.0
0022400977,2,LeBron James,2544,LAL,PHX,2025-03-16,37.86,7.0,22400918,1,28.733333333333334,11.0
0022400980,2,RJ Barrett,1629628,TOR,POR,2025-03-16,28.9,1.0,22400966,3,19.666666666666668,-3.0
0022400978,2,Ziaire Williams,1630533,BKN,ATL,2025-03-16,31.49,1.0,22400968,3,11.4,8.0
0022400973,2,Zion Williamson,1629627,NOP,SAS,2025-03-16,29.0,2.0,22401141,2,24.2,-4.0
0022400984,2,Andrew Wiggins,203952,MIA,NYK,2025-03-17,31.54,1.0,22400971,3,19.333333333333332,-21.0
0022400982,2,Luguentz Dort,1629652,OKC,MIL,2025-03-17,32.17,2.0,22400969,3,10.666666666666666,16.0
0022400991,2,Bradley Beal,203078,PHX,TOR,2025-03-18,28.71,2.0,22400977,3,18.933333333333337,40.0
0022400992,2,Ja Morant,1629630,MEM,SAC,2025-03-18,34.07,3.0,22400962,2,25.066666666666663,-10.0
0022400994,2,Jayson Tatum,1628369,BOS,BKN,2025-03-18,37.98,3.0,22400968,1,29.0,8.0
0022400989,2,Josh Giddey,1630581,CHI,UTA,2025-03-18,37.1,7.0,22400933,2,20.533333333333335,14.0
0022400993,2,Miles Bridges,1628970,CHA,ATL,2025-03-18,32.68,2.0,22400538,2,25.0,-32.0
0022400990,2,Nikola Jokic,203999,DEN,GSW,2025-03-18,39.1,2.0,22400975,1,27.6,9.0
0022400991,2,RJ Barrett,1629628,TOR,PHX,2025-03-18,28.9,3.0,22400966,3,19.666666666666668,-40.0
0022400995,2,Toumani Camara,1641739,POR,WAS,2025-03-18,35.76,2.0,22400980,3,13.266666666666667,15.0
0022400986,2,Tyrese Haliburton,1630169,IND,MIN,2025-03-18,32.91,2.0,22400972,1,20.2,2.0
0022401000,2,Andrew Wiggins,203952,MIA,DET,2025-03-19,31.54,3.0,22400971,3,19.333333333333332,-3.0
0022400998,2,Klay Thompson,202691,DAL,IND,2025-03-19,31.41,3.0,22400976,3,16.866666666666667,-4.0
0022401012,2,Stephen Curry,201939,GSW,MIL,2025-03-19,33.21,1.0,22400990,1,25.533333333333335,11.0
0022400998,2,Tyrese Haliburton,1630169,IND,DAL,2025-03-19,32.91,3.0,22400972,1,20.2,4.0
0022401007,2,Bradley Beal,203078,PHX,CHI,2025-03-20,28.71,4.0,22400977,3,18.933333333333337,6.0
0022401011,2,Cameron Johnson,1629661,BKN,IND,2025-03-20,32.28,2.0,22400994,3,18.066666666666663,-6.0
0022401009,2,Darius Garland,1629636,CLE,SAC,2025-03-20,31.44,1.0,22400997,1,17.933333333333334,-4.0
0022401008,2,Ja Morant,1629630,MEM,POR,2025-03-20,34.07,5.0,22400962,2,25.066666666666663,-16.0
0022400627,2,Kyshawn George,1642273,WAS,UTA,2025-03-20,29.25,2.0,22400995,3,11.4,-16.0
0022401006,2,Nikola Jokic,203999,DEN,LAL,2025-03-20,39.1,4.0,22400975,1,27.6,-12.0
0022401002,2,Shai Gilgeous-Alexander,1628983,OKC,PHI,2025-03-20,36.36,3.0,22400982,1,33.8,33.0
0022401011,2,Tyrese Haliburton,1630169,IND,BKN,2025-03-20,32.91,4.0,22400972,1,20.2,6.0
0022401009,2,Zach LaVine,203897,SAC,CLE,2025-03-20,38.07,2.0,22400992,2,23.533333333333335,4.0
0022401013,2,Josh Giddey,1630581,CHI,SAC,2025-03-21,33.64,1.0,22401007,2,20.533333333333335,12.0
0022401005,2,RJ Barrett,1629628,TOR,GSW,2025-03-21,28.9,6.0,22400966,3,19.666666666666668,-3.0
0022401022,2,Anfernee Simons,1629014,POR,DEN,2025-03-22,31.8,2.0,22401008,2,23.2,19.0
0022401021,2,Bradley Beal,203078,PHX,CLE,2025-03-22,28.71,6.0,22400977,3,18.933333333333337,11.0
0022401023,2,Ja Morant,1629630,MEM,LAC,2025-03-22,34.07,7.0,22400962,2,25.066666666666663,-20.0
0022401020,2,Jaylen Brown,1627759,BOS,UTA,2025-03-22,36.35,7.0,22400968,1,20.866666666666667,22.0
0022401019,2,Kessler Edwards,1630556,DAL,DET,2025-03-22,29.05,3.0,22400998,3,8.733333333333333,6.0
0022401017,2,LaMelo Ball,1630163,CHA,OKC,2025-03-22,30.55,2.0,22401010,3,18.0,-35.0
0022401017,2,Luguentz Dort,1629652,OKC,CHA,2025-03-22,32.17,7.0,22400969,3,10.666666666666666,35.0
0022401022,2,Nikola Jokic,203999,DEN,POR,2025-03-22,39.1,6.0,22400975,1,27.6,-19.0
0022401025,2,Stephen Curry,201939,GSW,ATL,2025-03-22,31.47,1.0,22401005,1,25.2,-9.0
0022401024,2,Ziaire Williams,1630533,BKN,IND,2025-03-22,32.62,2.0,22401011,3,12.733333333333333,-5.0
0022401027,2,Malik Monk,1628370,SAC,MIL,2025-03-23,36.41,2.0,22401013,3,17.866666666666667,-6.0
0022401026,2,Miles McBride,1630540,NYK,WAS,2025-03-23,35.59,3.0,22401003,3,11.6,19.0
0022501220,3,Anthony Edwards,1630162,MIN,SAC,2025-12-15,38.94,6.0,22500365,1,28.733333333333334,14.0
0022501228,3,Austin Reaves,1630559,LAL,PHX,2025-12-15,36.86,4.0,22501204,2,26.333333333333332,2.0
0022501223,3,Ayo Dosunmu,1630245,CHI,NOP,2025-12-15,31.58,7.0,22500361,3,14.733333333333333,-10.0
0022501224,3,Anthony Davis,203076,DAL,UTA,2025-12-16,29.36,3.0,22501214,1,21.066666666666663,-7.0
0022500367,3,Evan Mobley,1630596,CLE,CHI,2025-12-18,32.78,5.0,22501212,1,18.2,-16.0
0022500377,3,Jalen Suggs,1630591,ORL,DEN,2025-12-19,29.22,6.0,22501229,3,17.133333333333333,-11.0
0022500369,3,James Harden,201935,LAC,OKC,2025-12-19,36.64,3.0,22501226,1,27.333333333333332,-21.0
0022500372,3,Josh Hart,1628404,NYK,IND,2025-12-19,32.79,6.0,22501229,3,15.066666666666666,1.0
0022500379,3,Lauri Markkanen,1628374,UTA,LAL,2025-12-19,35.78,3.0,22501224,2,27.466666666666665,-8.0
0022500380,3,Zach LaVine,203897,SAC,POR,2025-12-19,29.25,4.0,22501220,3,17.533333333333335,-1.0
0022500381,3,Andrew Wiggins,203952,MIA,BOS,2025-12-20,31.94,1.0,22500373,3,15.8,-13.0
0022500384,3,Donovan Mitchell,1628378,CLE,CHI,2025-12-20,36.17,2.0,22500367,1,30.933333333333337,-11.0
0022500382,3,Joel Embiid,203954,PHI,NYK,2025-12-20,31.89,6.0,22501217,1,20.266666666666666,9.0
0022500391,3,Bilal Coulibaly,1641731,WAS,MEM,2025-12-21,28.68,2.0,22500370,3,8.933333333333334,8.0
0022500388,3,Jaylen Brown,1627759,BOS,TOR,2025-12-21,35.0,1.0,22500381,1,30.333333333333332,16.0
0022500393,3,Lauri Markkanen,1628374,UTA,ORL,2025-12-21,35.78,5.0,22501224,2,27.466666666666665,-1.0
0022500387,3,Paul George,202331,PHI,DAL,2025-12-21,31.99,1.0,22500382,1,16.266666666666666,7.0
0022500394,3,Zach LaVine,203897,SAC,POR,2025-12-21,29.25,6.0,22501220,3,17.533333333333335,-5.0
0022500399,3,Alex Sarr,1642259,WAS,SAS,2025-12-22,29.7,1.0,22500391,3,19.733333333333334,-11.0
0022500401,3,Zach LaVine,203897,SAC,HOU,2025-12-22,29.25,7.0,22501220,3,17.533333333333335,1.0
0022500411,3,Dyson Daniels,1630700,ATL,CHI,2025-12-24,33.72,3.0,22500396,3,14.133333333333333,-3.0
0022500422,3,Ivica Zubac,1627826,LAC,HOU,2025-12-24,29.41,3.0,22500395,3,15.4,20.0
0022500416,3,Jaden McDaniels,1630183,MIN,NYK,2025-12-24,30.98,2.0,22500400,3,14.0,11.0
0022500416,3,Jalen Brunson,1628973,NYK,MIN,2025-12-24,37.4,3.0,22500398,1,29.4,-11.0
0022500419,3,Lauri Markkanen,1628374,UTA,MEM,2025-12-24,35.8,1.0,22500405,2,27.866666666666667,-9.0
0022500418,3,Luka Dončić,1629029,LAL,PHX,2025-12-24,35.15,3.0,22500395,1,31.733333333333334,-24.0
0022500410,3,VJ Edgecombe,1642845,PHI,BKN,2025-12-24,37.21,3.0,22500387,3,15.2,-14.0
0022500432,3,Anthony Davis,203076,DAL,SAC,2025-12-27,31.6,2.0,22500011,1,20.533333333333335,-6.0
0022500423,3,Bam Adebayo,1628389,MIA,ATL,2025-12-27,33.14,3.0,22500414,1,17.2,15.0
0022500431,3,Ivica Zubac,1627826,LAC,POR,2025-12-27,29.41,6.0,22500395,3,15.4,16.0
0022500432,3,Keegan Murray,1631099,SAC,DAL,2025-12-27,39.78,3.0,22500421,3,14.133333333333333,6.0
0022500438,3,Alperen Şengün,1630578,HOU,CLE,2025-12-28,35.86,2.0,22500012,1,22.266666666666666,17.0
0022500436,3,Bam Adebayo,1628389,MIA,IND,2025-12-28,33.14,4.0,22500414,1,17.2,26.0
0022500440,3,De'Aaron Fox,1628368,SAS,UTA,2025-12-28,29.4,3.0,22500010,2,21.133333333333333,-13.0
0022500442,3,Joel Embiid,203954,PHI,OKC,2025-12-28,30.55,1.0,22500427,1,20.533333333333335,-25.0
0022500435,3,Josh Hart,1628404,NYK,ATL,2025-12-28,33.36,3.0,22500009,3,14.266666666666667,3.0
0022500443,3,Kyshawn George,1642273,WAS,MEM,2025-12-28,34.07,1.0,22500425,3,13.666666666666666,4.0
0022500446,3,Keegan Murray,1631099,SAC,LAL,2025-12-29,39.78,5.0,22500421,3,14.133333333333333,-24.0
0022500453,3,Alperen Şengün,1630578,HOU,IND,2025-12-30,35.86,4.0,22500012,1,22.266666666666666,7.0
0022500457,3,Anthony Davis,203076,DAL,POR,2025-12-30,31.6,5.0,22500011,1,20.533333333333335,-3.0
0022500455,3,Jalen Johnson,1630552,ATL,OKC,2025-12-30,36.08,2.0,22500435,2,24.866666666666667,-11.0
0022500454,3,Josh Hart,1628404,NYK,NOP,2025-12-30,33.36,5.0,22500009,3,14.266666666666667,5.0
0022500447,3,Kon Knueppel,1642851,CHA,MIL,2025-12-30,28.93,3.0,22500424,3,19.133333333333333,-10.0
0022500448,3,Kyshawn George,1642273,WAS,PHX,2025-12-30,34.07,3.0,22500425,3,13.666666666666666,-14.0
0022500451,3,RJ Barrett,1629628,TOR,ORL,2025-12-30,28.05,2.0,22500441,3,18.8,1.0
0022500460,3,Rui Hachimura,1629060,LAL,DET,2025-12-31,29.62,2.0,22500446,3,12.866666666666667,-22.0
0022500467,3,Josh Hart,1628404,NYK,SAS,2026-01-01,33.36,7.0,22500009,3,14.266666666666667,-2.0
0022500469,3,Kyshawn George,1642273,WAS,MIL,2026-01-01,34.07,5.0,22500425,3,13.666666666666666,1.0
0022500471,3,Michael Porter Jr.,1629008,BKN,HOU,2026-01-01,34.45,2.0,22500449,2,27.8,-24.0
0022500475,3,Lauri Markkanen,1628374,UTA,LAC,2026-01-02,38.6,2.0,22500459,2,24.933333333333337,-17.0
0022500484,3,Jimmy Butler,202710,GSW,OKC,2026-01-03,33.43,3.0,22500462,3,19.133333333333333,-37.0
0022500480,3,Josh Giddey,1630581,CHI,ORL,2026-01-03,29.01,4.0,22500452,3,17.733333333333334,7.0
0022500477,3,Kyshawn George,1642273,WAS,BKN,2026-01-03,34.07,7.0,22500425,3,13.666666666666666,20.0
0022500477,3,Michael Porter Jr.,1629008,BKN,WAS,2026-01-03,34.45,4.0,22500449,2,27.8,-20.0
0022500481,3,Moussa Diabate,1631217,CHA,MIL,2026-01-03,31.8,3.0,22500462,3,6.333333333333333,-1.0
0022500485,3,Rui Hachimura,1629060,LAL,MEM,2026-01-03,29.62,5.0,22500446,3,12.866666666666667,7.0
0022500482,3,Trey Murphy III,1630530,NOP,POR,2026-01-03,33.94,2.0,22500466,2,20.666666666666668,-13.0
0022500489,3,Josh Giddey,1630581,CHI,CHA,2026-01-04,29.01,5.0,22500452,3,17.733333333333334,-13.0
0022500492,3,Jusuf Nurkić,203994,UTA,GSW,2026-01-04,29.19,4.0,22500459,3,12.2,-9.0
0022500489,3,Moussa Diabate,1631217,CHA,CHI,2026-01-04,31.8,4.0,22500462,3,6.333333333333333,13.0
0022500496,3,Nic Claxton,1629651,BKN,DEN,2026-01-04,28.76,3.0,22500471,3,12.866666666666667,12.0
0022500497,3,Saddiq Bey,1630180,NOP,MIA,2026-01-04,31.96,3.0,22500466,3,18.533333333333335,-19.0
0022500501,3,Ja Morant,1629630,MEM,LAL,2026-01-05,29.13,2.0,22500485,3,18.133333333333333,-6.0
0022500501,3,Rui Hachimura,1629060,LAL,MEM,2026-01-05,29.62,7.0,22500446,3,12.866666666666667,6.0
0022500507,3,Jamal Murray,1627750,DEN,PHI,2026-01-06,37.21,2.0,22500496,2,28.133333333333333,1.0
0022500508,3,James Harden,201935,LAC,GSW,2026-01-06,34.02,2.0,22500493,1,22.866666666666667,1.0
0022500503,3,Josh Giddey,1630581,CHI,BOS,2026-01-06,29.01,7.0,22500452,3,17.733333333333334,-14.0
0022500510,3,Bennedict Mathurin,1631097,IND,CLE,2026-01-07,29.16,4.0,22500476,3,14.6,-4.0
0022500510,3,Donovan Mitchell,1628378,CLE,IND,2026-01-07,32.66,3.0,22500494,1,29.666666666666668,4.0
0022500512,3,Ja Morant,1629630,MEM,SAS,2026-01-07,29.13,4.0,22500485,3,18.133333333333333,1.0
0022500515,3,P.J. Washington,1629023,DAL,SAC,2026-01-07,28.33,3.0,22500491,3,15.2,2.0
0022500514,3,Saddiq Bey,1630180,NOP,LAL,2026-01-07,31.96,6.0,22500466,3,18.533333333333335,-8.0
0022500516,3,Brandon Miller,1641706,CHA,TOR,2026-01-08,33.83,2.0,22500506,2,21.666666666666668,-1.0
0022500524,3,Ja Morant,1629630,MEM,PHX,2026-01-08,29.13,5.0,22500485,3,18.133333333333333,-19.0
0022500523,3,LeBron James,2544,LAL,SAS,2026-01-08,33.51,1.0,22500514,1,22.533333333333335,-16.0
0022500519,3,Onyeka Okongwu,1630168,ATL,NOP,2026-01-08,31.83,2.0,22500504,3,15.266666666666667,17.0
0022500519,3,Trey Murphy III,1630530,NOP,ATL,2026-01-08,36.95,1.0,22500514,2,22.4,-17.0
0022500528,3,Bennedict Mathurin,1631097,IND,CHA,2026-01-09,29.16,6.0,22500476,3,14.6,2.0
0022500531,3,Jusuf Nurkić,203994,UTA,DAL,2026-01-09,32.41,1.0,22500525,3,13.533333333333331,2.0
0022500531,3,P.J. Washington,1629023,DAL,UTA,2026-01-09,28.33,5.0,22500491,3,15.2,-2.0
0022500532,3,Scottie Barnes,1630567,TOR,BOS,2026-01-10,33.19,2.0,22500516,1,16.933333333333334,-8.0
