game_id,fold,player,player_id,team,opp,date,tier,ppg,pri_min,gap_days,mean_A,mean_B,shift,starmin_B,teammin_A,teammin_B,actual,valid,strict_tripwire,qA,qB
0022401217,1,Al Horford,201143,BOS,WAS,2024-12-15,3,9.8,28.19,2.0,14.31,14.77,0.4599999999999991,22.98725,240.3314583333334,240.801875,14,True,True,-5.0 -1.0 6.0 14.0 23.0 30.1 35.0,-7.0 -2.1 6.0 14.0 24.0 32.0 34.0
0022401219,1,Deandre Ayton,1629028,POR,PHX,2024-12-16,3,14.866666666666667,31.36,7.0,-9.47,-10.23,-0.7599999999999998,26.812708333333333,240.470625,240.09270833333332,-7,True,True,-32.0 -27.0 -18.2 -10.0 1.0 9.0 13.0,-32.0 -27.1 -19.0 -10.0 -3.0 9.1 13.0
0022401225,1,Christian Braun,1631128,DEN,SAC,2024-12-17,3,15.2,33.52,3.0,2.975,4.16,1.185,31.35675,240.40416666666667,240.47437499999995,1,True,True,-18.0 -15.0 -6.0 4.0 12.0 19.1 23.0,-17.0 -13.0 -4.0 4.5 13.0 18.1 25.0
0022401222,1,Joel Embiid,203954,PHI,CHA,2024-12-17,1,27.0,29.97,3.0,1.94,4.635,2.695,26.593583333333335,240.345625,240.7027083333333,13,True,True,-20.0 -14.0 -6.2 3.5 11.0 18.0 22.0,-15.0 -11.0 -4.2 6.0 12.2 20.0 26.0
0022401225,1,Keegan Murray,1631099,SAC,DEN,2024-12-17,3,11.733333333333333,34.26,4.0,-2.325,-0.965,1.3600000000000003,32.096333333333334,240.94020833333337,241.14437500000005,-1,True,True,-23.0 -19.0 -10.0 -3.0 6.0 12.2 19.0,-21.0 -17.0 -10.0 -1.0 8.0 15.0 19.0
0022401223,1,Scottie Barnes,1630567,TOR,CHI,2024-12-17,1,19.6,31.89,7.0,-4.655,-1.74,2.915,31.681125,241.004375,240.53395833333337,-1,True,True,-28.0 -22.1 -12.0 -5.0 4.0 12.1 16.0,-22.0 -18.0 -10.0 -2.0 7.0 14.1 21.0
0022401221,1,Tobias Harris,202699,DET,MIA,2024-12-17,3,13.466666666666669,28.74,4.0,-6.8,-6.855,-0.0550000000000006,30.419208333333337,240.44583333333333,240.42083333333332,1,True,True,-27.0 -23.0 -15.0 -7.0 3.0 9.0 16.0,-29.0 -24.1 -15.0 -7.0 2.2 9.0 14.1
0022401223,1,Zach LaVine,203897,CHI,TOR,2024-12-17,2,21.133333333333333,31.33,3.0,4.655,5.335,0.6799999999999997,26.41283333333333,241.004375,240.55291666666665,1,True,True,-16.0 -12.1 -4.0 5.0 12.0 22.1 28.0,-13.0 -9.0 -3.0 5.5 14.0 21.0 24.0
0022400362,1,Brandon Miller,1641706,CHA,WAS,2024-12-20,2,23.933333333333337,34.44,3.0,3.105,5.81,2.7049999999999996,30.391166666666667,240.34041666666664,240.59854166666668,-9,True,True,-16.0 -11.1 -5.0 3.0 10.0 16.0 24.0,-18.0 -11.2 -3.2 6.0 15.0 23.0 28.0
0022400367,1,Josh Hart,1628404,NYK,MIN,2024-12-20,3,14.8,35.2,5.0,1.88,1.41,-0.47,32.222166666666666,240.59395833333335,240.59520833333332,26,True,True,-23.0 -15.0 -8.0 3.0 11.0 19.0 25.0,-21.0 -16.0 -8.0 2.0 10.0 17.0 23.0
0022400368,1,Luka Dončić,1629029,DAL,LAC,2024-12-20,1,29.533333333333335,37.8,4.0,1.2,1.08,-0.1199999999999998,31.508458333333333,240.45583333333337,240.88541666666663,-23,True,True,-19.0 -15.0 -7.0 2.0 10.0 16.1 22.0,-19.1 -16.0 -7.0 1.0 10.0 18.0 21.0
0022400364,1,RJ Barrett,1629628,TOR,BKN,2024-12-20,2,24.266666666666666,33.41,3.0,-1.855,0.41,2.265,37.34883333333333,239.99458333333337,240.76979166666663,-7,True,True,-26.0 -20.0 -10.0 -2.0 8.0 13.1 19.0,-21.0 -15.1 -7.0 -1.0 9.0 17.0 21.0
0022400374,1,Damian Lillard,203081,MIL,CLE,2024-12-21,1,25.2,37.7,7.0,-5.47,-3.655,1.815,29.537583333333338,239.89541666666665,240.58479166666663,-23,True,True,-29.0 -23.1 -14.0 -4.0 5.0 10.0 13.1,-24.0 -20.0 -14.2 -4.0 7.0 15.0 18.0
0022400373,1,LaMelo Ball,1630163,CHA,PHI,2024-12-21,2,29.866666666666667,35.07,1.0,-7.625,-5.39,2.2350000000000003,33.440374999999996,240.31624999999997,240.90145833333335,-10,True,True,-31.0 -25.0 -16.0 -7.5 1.0 10.0 14.0,-25.0 -20.0 -13.0 -6.0 3.0 11.0 15.0
0022400387,1,Devin Booker,1626164,PHX,DET,2024-12-22,1,25.8,35.0,2.0,6.645,5.97,-0.6749999999999998,30.689041666666665,240.64416666666665,241.05458333333337,-8,True,True,-13.0 -9.0 -2.0 6.0 15.0 23.0 29.0,-16.0 -11.0 -2.2 6.5 15.2 21.1 27.0
0022400379,1,Dorian Finney-Smith,1627827,BKN,UTA,2024-12-22,3,11.2,29.44,2.0,3.3,4.88,1.58,28.432333333333336,240.28270833333335,241.1060416666667,-11,True,True,-19.0 -12.1 -4.0 3.0 12.0 20.0 24.0,-18.0 -13.0 -5.0 5.0 13.0 23.0 29.0
0022400378,1,Ja Morant,1629630,MEM,ATL,2024-12-22,2,20.133333333333333,28.46,2.0,7.075,7.91,0.835,25.88179166666667,240.61041666666668,240.44291666666663,16,True,True,-16.0 -9.1 -2.0 6.0 17.0 26.0 29.0,-13.0 -9.1 -2.0 8.0 17.0 24.2 31.0
0022400377,1,Jimmy Butler,202710,MIA,ORL,2024-12-22,2,20.6,31.34,1.0,3.755,5.62,1.865,28.405583333333333,240.91458333333333,240.23687500000003,-7,True,True,-19.0 -15.1 -5.0 3.0 13.0 22.0 30.0,-15.0 -11.0 -3.0 5.5 15.0 23.0 27.0
0022400380,1,Joel Embiid,203954,PHI,CLE,2024-12-22,1,27.066666666666663,29.63,1.0,-6.345,-4.005,2.34,25.374166666666667,240.33520833333333,240.79666666666665,-27,True,True,-32.0 -23.0 -16.0 -5.5 3.0 11.0 14.0,-27.0 -22.0 -13.2 -3.5 4.2 15.0 20.1
0022400379,1,Keyonte George,1641718,UTA,BKN,2024-12-22,3,16.8,31.01,2.0,-3.3,-3.54,-0.2400000000000002,29.505125,240.28270833333335,240.54562500000003,11,True,True,-24.0 -20.0 -12.0 -3.0 4.0 12.1 19.0,-29.0 -22.1 -11.0 -3.0 7.0 14.0 16.0
0022400385,1,Luka Dončić,1629029,DAL,LAC,2024-12-22,1,29.533333333333335,37.8,6.0,-0.045,3.465,3.51,30.228416666666664,240.38458333333335,240.39666666666665,16,True,True,-23.0 -18.0 -10.0 -1.0 11.0 18.0 21.0,-16.2 -11.0 -5.0 5.0 12.2 18.1 22.0
0022400380,1,Max Strus,1629622,CLE,PHI,2024-12-22,3,11.866666666666667,29.32,1.0,6.345,3.82,-2.525,24.61595833333333,240.33520833333333,239.90916666666664,27,True,True,-14.0 -11.0 -3.0 5.5 16.0 23.0 32.0,-15.0 -12.0 -5.0 4.0 13.0 20.0 23.0
0022400388,1,RJ Barrett,1629628,TOR,HOU,2024-12-22,2,24.266666666666666,33.41,5.0,-6.705,-6.445,0.2599999999999998,36.000708333333336,240.37979166666668,240.72729166666667,-4,True,True,-27.0 -23.1 -16.0 -7.0 3.2 10.0 16.0,-26.0 -22.1 -14.0 -7.0 1.2 8.0 13.0
0022400378,1,Trae Young,1629027,ATL,MEM,2024-12-22,1,20.4,40.79,2.0,-7.24,-5.135,2.1050000000000004,33.576625,240.27604166666663,240.55041666666668,-16,True,True,-29.0 -25.1 -16.0 -8.0 3.0 10.0 14.0,-28.0 -22.0 -15.2 -5.0 4.0 12.0 17.0
0022400400,1,Bilal Coulibaly,1641731,WAS,OKC,2024-12-24,3,11.666666666666666,34.76,2.0,-15.675,-16.35,-0.6750000000000007,28.996083333333335,240.59166666666664,240.6283333333333,-18,True,True,-39.2 -35.0 -26.2 -14.0 -5.8 3.1 8.0,-38.0 -32.2 -25.0 -16.5 -8.0 -1.9 6.0
0022400395,1,Bogdan Bogdanovic,203992,ATL,MIN,2024-12-24,3,11.6,28.01,2.0,-5.155,-4.265,0.8900000000000006,28.13883333333333,240.58625,240.58812499999996,13,True,True,-26.0 -22.0 -14.0 -5.0 5.0 11.0 14.0,-25.1 -22.0 -13.0 -5.0 5.0 12.0 16.0
0022400391,1,Brandon Miller,1641706,CHA,HOU,2024-12-24,2,23.933333333333337,34.44,7.0,-4.685,-4.675,0.0099999999999997,27.214583333333337,240.92270833333333,240.36229166666664,-13,True,True,-25.0 -18.1 -12.2 -4.0 3.0 11.0 14.0,-28.0 -23.0 -14.0 -5.0 5.0 11.1 17.0
0022400402,1,Devin Booker,1626164,PHX,DEN,2024-12-24,1,25.8,35.0,4.0,-1.83,-2.01,-0.1799999999999997,31.918458333333337,240.65770833333332,240.63541666666669,-27,True,True,-23.0 -18.0 -12.5 -2.0 7.0 15.1 23.0,-23.1 -20.0 -12.0 -1.5 7.0 14.1 19.0
0022400391,1,Dillon Brooks,1628415,HOU,CHA,2024-12-24,3,15.0,35.38,2.0,4.685,4.285,-0.3999999999999994,28.699,240.92270833333336,241.14208333333332,13,True,True,-14.0 -11.0 -3.0 4.0 12.2 18.1 25.0,-20.0 -12.0 -5.0 4.5 12.2 23.3 28.0
0022400396,1,Dorian Finney-Smith,1627827,BKN,MIA,2024-12-24,3,11.2,29.44,4.0,-4.975,-4.03,0.9449999999999994,26.811875,240.92083333333332,240.3989583333333,-15,True,True,-26.0 -22.2 -14.0 -5.0 4.0 10.0 14.2,-25.0 -20.0 -13.2 -4.0 5.0 13.0 16.0
0022400397,1,Jakob Poeltl,1627751,TOR,NYK,2024-12-24,3,16.4,30.02,7.0,-10.27,-7.73,2.539999999999999,28.519083333333334,240.43875000000008,239.4072916666667,-14,True,True,-31.1 -27.1 -16.2 -9.0 -3.0 5.1 8.0,-28.0 -25.1 -16.0 -8.0 -0.5 10.1 14.0
0022400402,1,Jamal Murray,1627750,DEN,PHX,2024-12-24,2,20.0,38.08,1.0,1.83,2.975,1.145,32.83345833333333,240.65770833333332,240.23708333333337,27,True,True,-23.0 -15.1 -7.0 2.0 12.5 18.0 23.0,-21.0 -14.0 -5.2 4.0 12.2 19.0 25.0
0022400396,1,Jimmy Butler,202710,MIA,BKN,2024-12-24,2,20.6,31.34,3.0,4.975,5.41,0.4350000000000005,27.66166666666667,240.92083333333332,240.49229166666663,15,True,True,-14.2 -10.0 -4.0 5.0 14.0 22.2 26.0,-15.0 -11.0 -4.0 5.0 13.0 23.1 29.0
0022400392,1,John Collins,1628381,UTA,CLE,2024-12-24,3,17.066666666666666,33.33,2.0,-13.235,-10.87,2.365,31.57945833333333,240.3375,240.36250000000004,-11,True,True,-39.0 -34.1 -23.2 -13.0 -4.0 6.1 11.0,-32.0 -26.0 -19.0 -11.0 -2.0 5.0 8.0
0022400407,1,Jrue Holiday,201950,BOS,PHI,2024-12-25,3,11.733333333333333,28.01,1.0,6.685,5.48,-1.2049999999999992,28.454375,240.79062500000003,239.95895833333333,-4,True,True,-15.0 -10.1 -2.2 7.0 15.2 24.0 30.0,-13.0 -10.0 -3.0 5.5 15.0 20.1 26.0
0022400409,1,Devin Booker,1626164,PHX,DEN,2024-12-26,1,25.8,35.0,6.0,-4.49,-3.605,0.8850000000000002,32.545291666666664,240.24979166666665,240.57583333333332,10,True,True,-26.0 -20.1 -14.0 -6.0 4.0 13.0 17.0,-24.0 -19.0 -11.0 -4.5 4.2 12.0 15.1
0022400413,1,Ayo Dosunmu,1630245,CHI,ATL,2024-12-27,3,14.333333333333334,35.02,3.0,-0.705,-0.1,0.605,30.465,240.9810416666667,240.62229166666663,-8,True,True,-20.0 -15.1 -8.0 -1.0 7.0 14.0 20.1,-23.0 -19.0 -10.0 1.0 8.0 19.1 25.0
0022400413,1,Bogdan Bogdanovic,203992,ATL,CHI,2024-12-27,3,11.6,28.01,5.0,0.705,2.945,2.24,26.373833333333337,240.98104166666664,240.79916666666668,8,True,True,-20.1 -14.0 -7.0 1.0 8.0 15.1 20.0,-16.0 -12.1 -6.2 3.0 12.0 19.0 24.0
0022400416,1,Dillon Brooks,1628415,HOU,NOP,2024-12-27,3,15.0,35.38,5.0,4.865,5.57,0.7050000000000001,29.560125000000003,240.35,240.67375,17,True,True,-16.0 -12.0 -5.0 5.0 14.0 21.0 28.1,-15.0 -9.0 -3.0 5.5 13.0 21.1 26.1
0022400418,1,Domantas Sabonis,1627734,SAC,DET,2024-12-27,2,21.733333333333334,36.35,5.0,0.035,4.57,4.535,31.25975,240.87020833333335,240.9125,-1,True,True,-20.0 -14.0 -8.0 -1.0 9.0 16.1 22.0,-16.0 -12.0 -4.0 4.5 12.2 21.0 26.0
0022400415,1,Dorian Finney-Smith,1627827,BKN,MIL,2024-12-27,3,11.2,29.44,7.0,-2.77,-3.615,-0.8450000000000002,27.762333333333338,240.11125,239.710625,6,True,True,-25.0 -20.1 -10.0 -2.0 5.0 13.0 16.1,-27.0 -21.1 -11.2 -4.0 6.0 14.0 20.0
0022400411,1,Jimmy Butler,202710,MIA,ORL,2024-12-27,2,20.6,31.34,6.0,3.63,4.235,0.6050000000000004,28.456458333333337,240.8,240.3575,1,True,True,-17.0 -13.1 -5.0 4.0 12.0 21.1 27.0,-16.0 -13.1 -5.0 4.0 13.0 20.0 28.0
0022400417,1,John Collins,1628381,UTA,POR,2024-12-27,3,17.066666666666666,33.33,5.0,0.76,1.88,1.12,31.961875000000003,239.92520833333336,240.61312499999997,-2,True,True,-20.0 -16.0 -7.0 2.0 10.0 15.0 21.0,-16.0 -12.1 -7.0 2.0 11.0 17.1 22.0
0022400424,1,Aaron Gordon,203932,DEN,CLE,2024-12-28,3,14.2,29.01,2.0,0.72,0.32,-0.3999999999999999,24.6165,240.83333333333331,240.516875,-14,True,True,-22.1 -16.1 -7.0 2.0 9.0 17.0 23.0,-21.0 -17.1 -7.0 1.0 8.0 14.0 20.1
0022400428,1,Brandon Miller,1641706,CHA,OKC,2024-12-28,2,24.266666666666666,35.58,1.0,-13.975,-12.52,1.455,35.11875,240.62583333333333,240.38604166666664,-12,True,True,-40.0 -32.1 -23.0 -13.0 -5.0 5.0 9.1,-38.0 -34.0 -20.2 -11.0 -3.0 5.0 6.0
0022400421,1,Cameron Johnson,1629661,BKN,SAS,2024-12-28,2,21.666666666666668,33.3,1.0,-4.44,-5.145,-0.7049999999999992,33.87141666666667,240.79833333333332,240.383125,-9,True,True,-25.0 -20.0 -12.2 -6.0 4.0 11.1 15.0,-24.1 -21.0 -14.0 -6.0 3.0 11.0 17.0
0022400422,1,Dillon Brooks,1628415,HOU,MIN,2024-12-28,3,15.0,35.38,6.0,-0.61,0.68,1.29,30.302625,240.3272916666666,240.87729166666665,-1,True,True,-21.0 -16.1 -8.0 -1.5 6.0 15.1 22.1,-25.0 -17.0 -7.0 1.0 8.2 17.0 23.0
0022400427,1,Dyson Daniels,1630700,ATL,MIA,2024-12-28,3,12.0,33.54,1.0,-4.88,-4.775,0.1049999999999995,35.15891666666666,241.24541666666667,240.71041666666667,10,True,True,-26.0 -20.0 -12.0 -5.0 4.0 11.0 15.0,-24.0 -22.0 -14.0 -5.0 4.0 11.1 15.0
0022400427,1,Jimmy Butler,202710,MIA,ATL,2024-12-28,2,20.6,31.34,7.0,4.88,5.49,0.6100000000000003,27.050791666666665,241.2454166666667,239.90208333333337,-10,True,True,-15.0 -11.0 -4.0 5.0 12.0 20.0 26.0,-16.0 -12.0 -4.2 5.0 14.0 24.0 29.0
0022400420,1,Jrue Holiday,201950,BOS,IND,2024-12-28,3,11.733333333333333,28.01,4.0,9.205,7.785,-1.42,27.775583333333337,240.3825,240.11500000000004,37,True,True,-13.0 -10.0 -1.0 8.0 19.0 28.0 36.0,-16.0 -11.0 0.5 8.0 17.0 25.1 30.0
0022400428,1,Luguentz Dort,1629652,OKC,CHA,2024-12-28,3,9.933333333333334,29.21,1.0,13.975,14.605,0.6300000000000008,32.01525,240.62583333333333,239.63583333333335,12,True,True,-9.1 -5.0 5.0 13.0 23.0 32.1 40.0,-9.0 -6.0 5.0 14.0 23.2 32.1 40.0
0022400426,1,Stephen Curry,201939,GSW,LAC,2024-12-28,1,22.266666666666666,32.72,2.0,-5.015,-3.405,1.61,28.304208333333335,240.63104166666665,240.74854166666665,-10,True,True,-28.0 -24.1 -12.2 -3.0 3.2 10.0 15.0,-25.0 -18.2 -12.0 -4.0 6.0 11.1 15.0
0022400432,1,Aaron Gordon,203932,DEN,DET,2024-12-29,3,14.2,29.01,3.0,7.745,7.49,-0.2549999999999999,24.690166666666663,241.07395833333337,240.40166666666667,13,True,True,-16.0 -10.0 -2.0 7.5 17.0 26.1 33.0,-15.0 -9.0 -2.0 7.0 16.0 24.2 31.0
0022400430,1,Ayo Dosunmu,1630245,CHI,MIL,2024-12-29,3,14.333333333333334,35.02,5.0,-1.765,-2.515,-0.7500000000000002,27.294958333333337,240.56375,240.91166666666663,5,True,True,-20.1 -16.0 -9.0 -2.0 5.0 14.0 19.0,-22.0 -17.0 -10.0 -3.5 6.0 13.1 17.0
0022400438,1,Dyson Daniels,1630700,ATL,TOR,2024-12-29,3,12.0,33.54,2.0,2.125,3.295,1.17,34.620958333333334,240.17958333333337,240.77145833333333,29,True,True,-21.0 -15.0 -8.0 2.0 10.2 20.0 25.0,-17.0 -13.0 -6.0 4.0 13.0 18.0 22.0
0022400433,1,John Collins,1628381,UTA,PHI,2024-12-29,3,17.066666666666666,33.33,7.0,-7.5,-6.355,1.1449999999999996,30.909666666666663,240.40416666666664,240.7327083333333,-3,True,True,-28.1 -24.0 -17.2 -7.0 1.0 11.0 13.0,-28.0 -21.2 -16.0 -7.0 3.0 11.1 19.0
0022400429,1,Jordan Poole,1629673,WAS,NYK,2024-12-29,2,20.4,35.39,2.0,-15.335,-14.9,0.4350000000000005,34.15420833333334,240.0883333333333,239.9375,-4,True,True,-36.0 -33.0 -24.0 -14.0 -7.0 1.1 5.0,-38.0 -31.0 -24.0 -15.0 -6.0 3.0 6.0
0022400437,1,Jrue Holiday,201950,BOS,IND,2024-12-29,3,11.733333333333333,28.01,5.0,6.4,9.12,2.719999999999999,28.3955,239.73291666666665,239.81895833333337,-9,True,True,-14.0 -11.0 -4.0 6.0 15.2 24.1 28.0,-11.0 -8.0 -1.0 9.5 17.0 26.0 30.0
0022400435,1,LeBron James,2544,LAL,SAC,2024-12-29,1,23.733333333333334,35.02,3.0,-2.09,-1.52,0.5699999999999998,33.121375,239.97104166666665,239.92208333333335,10,True,True,-26.0 -20.1 -11.0 -2.0 8.0 13.0 16.0,-25.1 -19.0 -11.0 -2.0 8.2 16.0 20.0
0022400434,1,P.J. Washington,1629023,DAL,POR,2024-12-29,3,13.8,30.9,1.0,9.25,10.445,1.1950000000000005,30.014458333333337,240.67166666666665,240.2960416666667,-4,True,True,-12.0 -9.0 1.8 9.0 18.0 26.1 32.0,-13.0 -8.0 2.0 10.0 19.0 27.0 35.0
0022400434,1,Toumani Camara,1641739,POR,DAL,2024-12-29,3,9.666666666666666,31.49,2.0,-9.25,-8.6,0.6500000000000004,29.040583333333338,240.6716666666667,240.57729166666667,4,True,True,-32.0 -26.1 -18.0 -9.0 -1.8 9.0 12.0,-32.0 -27.2 -18.0 -9.0 2.0 9.0 12.0
0022400445,1,Aaron Gordon,203932,DEN,UTA,2024-12-31,3,14.2,29.01,5.0,9.22,8.48,-0.7400000000000002,24.402833333333337,240.991875,240.47375,11,True,True,-11.0 -6.0 -1.0 9.0 17.0 27.1 32.0,-15.0 -10.0 -2.0 8.0 18.0 27.1 33.0
0022400442,1,Ayo Dosunmu,1630245,CHI,CHA,2024-12-31,3,14.333333333333334,35.02,7.0,6.695,5.325,-1.37,28.01654166666667,240.28354166666665,240.75895833333337,7,True,True,-13.0 -9.0 -1.0 7.0 14.2 23.1 27.0,-18.0 -12.1 -2.0 5.5 13.0 22.1 26.0
0022400442,1,Brandon Miller,1641706,CHA,CHI,2024-12-31,2,24.266666666666666,35.58,4.0,-6.695,-3.14,3.555,32.207125,240.28354166666668,240.90645833333335,-7,True,True,-27.0 -23.1 -14.2 -7.0 1.0 9.0 13.0,-26.0 -23.0 -12.0 -2.0 6.0 13.0 19.0
0022400447,1,Jerami Grant,203924,POR,PHI,2024-12-31,3,13.4,31.41,2.0,-5.745,-5.905,-0.1600000000000001,25.481583333333333,240.538125,240.581875,-22,True,True,-26.0 -23.0 -14.0 -6.0 3.2 11.1 16.0,-27.1 -22.0 -13.0 -6.0 2.0 7.1 13.3
0022400443,1,Jordan Poole,1629673,WAS,NYK,2024-12-31,2,20.4,35.39,4.0,-15.28,-16.645,-1.3650000000000002,29.943291666666667,240.06854166666665,239.92958333333328,-20,True,True,-36.0 -32.2 -24.0 -15.0 -7.8 2.1 6.0,-39.0 -34.1 -25.2 -16.0 -7.0 1.1 5.0
0022400448,1,Kyrie Irving,202681,DAL,SAC,2024-12-31,1,24.733333333333334,36.14,2.0,-0.795,0.265,1.06,33.22925,240.16729166666667,239.89020833333336,-10,True,True,-24.0 -19.0 -10.0 -1.5 10.0 18.0 21.0,-20.0 -17.0 -9.2 2.0 7.0 17.0 24.0
0022400449,1,RJ Barrett,1629628,TOR,BOS,2024-12-31,2,22.8,33.3,2.0,-11.995,-12.155,-0.1600000000000001,32.00275,240.66104166666668,240.46666666666667,-54,True,True,-33.0 -29.0 -22.0 -12.0 -3.0 5.0 11.0,-37.0 -29.0 -21.0 -11.0 -3.0 4.0 9.0
0022400461,1,Aaron Gordon,203932,DEN,ATL,2025-01-02,3,14.2,29.01,7.0,7.835,8.185,0.3500000000000005,25.332375000000003,240.18208333333328,240.24520833333332,19,True,True,-19.0 -11.0 -2.0 8.0 16.0 26.0 34.0,-14.0 -9.0 -1.0 8.5 17.0 22.1 29.0
0022400460,1,Amen Thompson,1641708,HOU,DAL,2025-01-02,3,13.0,32.54,3.0,-1.53,-0.6,0.93,30.66975,240.9497916666667,240.07791666666665,11,True,True,-22.0 -16.0 -9.0 -3.0 6.0 14.0 21.0,-23.0 -17.1 -10.0 -2.0 7.2 19.2 26.0
0022400459,1,Cam Thomas,1630560,BKN,TOR,2025-01-02,2,23.066666666666663,29.09,4.0,1.24,2.78,1.5399999999999998,26.5105,241.14708333333337,240.670625,-17,True,True,-22.0 -13.0 -7.0 2.0 8.2 18.0 23.0,-18.1 -13.0 -6.0 3.0 11.0 19.1 26.0
0022400458,1,Jalen Brunson,1628973,NYK,UTA,2025-01-02,1,24.666666666666668,38.94,2.0,11.325,11.065,-0.2599999999999998,33.24279166666667,239.78562500000004,240.31583333333336,16,True,True,-11.0 -6.0 2.0 12.0 20.0 30.0 34.0,-7.0 -4.0 4.0 10.0 19.2 27.0 31.0
0022400461,1,Jalen Johnson,1630552,ATL,DEN,2025-01-02,2,20.266666666666666,34.73,4.0,-7.835,-6.59,1.245,32.02558333333334,240.1820833333333,240.80666666666667,-19,True,True,-34.0 -26.0 -16.0 -8.0 2.0 11.0 19.0,-30.1 -23.1 -14.2 -6.0 3.0 10.0 13.0
0022400462,1,Keegan Murray,1631099,SAC,PHI,2025-01-02,3,10.333333333333334,31.06,2.0,-0.715,-0.75,-0.035,26.353333333333335,240.18583333333336,240.791875,6,True,True,-22.0 -19.1 -10.0 -1.0 8.2 16.1 23.0,-26.1 -19.1 -11.0 1.0 9.0 16.1 21.0
0022400462,1,Kelly Oubre Jr.,1626162,PHI,SAC,2025-01-02,3,12.8,33.63,2.0,0.715,-0.665,-1.38,31.189041666666665,240.1858333333333,240.8420833333333,-6,True,True,-23.0 -16.1 -8.2 1.0 10.0 19.1 22.0,-22.0 -17.0 -8.2 -1.0 8.0 16.0 19.0
0022400459,1,RJ Barrett,1629628,TOR,BKN,2025-01-02,2,22.8,33.3,4.0,-1.24,-0.64,0.6,32.520625,241.14708333333337,241.1352083333333,17,True,True,-23.0 -18.0 -8.2 -2.0 7.0 13.0 22.0,-22.0 -16.0 -9.0 -1.0 8.0 14.0 20.0
0022400457,1,Terry Rozier,1626179,MIA,NOP,2025-01-02,3,11.8,28.75,3.0,7.22,6.725,-0.4950000000000001,26.217541666666666,240.71999999999997,240.31770833333337,11,True,True,-14.0 -8.0 -1.0 7.0 15.0 25.1 29.0,-17.0 -11.1 -2.2 7.0 15.0 24.0 29.0
0022400468,1,Anthony Davis,203076,LAL,POR,2025-01-03,1,23.6,31.14,2.0,4.93,7.09,2.16,27.245875,240.83541666666667,240.62229166666668,8,True,True,-15.0 -13.0 -4.0 5.0 13.0 21.1 29.0,-13.0 -9.2 -1.0 7.5 17.0 24.1 27.0
0022400465,1,Ben Simmons,1627732,BKN,MIL,2025-01-03,3,6.733333333333333,28.2,1.0,-4.185,-4.51,-0.3250000000000002,27.393083333333333,240.265625,240.79291666666668,3,True,True,-22.1 -18.0 -13.0 -5.0 3.0 12.0 16.0,-27.0 -21.0 -13.0 -4.0 4.0 11.0 15.0
0022400466,1,James Harden,201935,LAC,OKC,2025-01-03,1,23.6,34.2,2.0,-7.555,-2.68,4.875,30.839333333333332,241.02041666666668,241.256875,-18,True,True,-32.1 -25.1 -15.2 -7.0 2.0 9.1 13.0,-27.0 -20.1 -11.0 -2.0 8.0 15.1 20.0
0022400464,1,Jaylen Brown,1627759,BOS,MIN,2025-01-03,1,23.666666666666668,35.61,3.0,3.45,4.305,0.8549999999999995,30.03804166666667,240.603125,240.89291666666668,3,True,True,-18.0 -14.0 -6.0 4.5 13.0 20.1 26.0,-18.0 -13.1 -4.0 5.0 13.0 22.0 27.0
0022400467,1,Kelly Oubre Jr.,1626162,PHI,GSW,2025-01-03,3,12.8,33.63,3.0,1.115,-1.3,-2.415,28.633333333333333,240.49479166666663,241.12520833333335,-34,True,True,-19.0 -15.1 -7.2 1.0 9.0 18.0 23.0,-22.0 -16.1 -9.0 -1.0 7.0 14.1 19.0
0022400471,1,Amen Thompson,1641708,HOU,BOS,2025-01-04,3,13.0,32.54,5.0,-4.49,-4.0,0.4900000000000002,31.587875,240.526875,240.62,-23,True,True,-23.0 -19.1 -12.0 -5.0 3.0 12.0 14.1,-27.0 -22.0 -12.0 -4.0 5.0 10.1 17.0
0022400472,1,Bilal Coulibaly,1641731,WAS,NOP,2025-01-04,3,12.4,29.65,2.0,-1.735,-4.605,-2.87,30.274083333333333,240.706875,240.3816666666667,-12,True,True,-26.0 -19.1 -10.2 -1.0 8.0 14.1 18.0,-25.0 -21.1 -12.2 -4.0 3.0 11.1 17.0
0022400478,1,Cameron Johnson,1629661,BKN,PHI,2025-01-04,3,19.8,31.64,1.0,-3.595,-2.05,1.5450000000000004,31.481,240.59666666666664,240.77645833333332,-29,True,True,-22.0 -19.2 -12.0 -4.0 5.0 12.0 18.0,-20.0 -16.0 -10.2 -3.0 5.2 14.0 17.0
0022400471,1,Jaylen Brown,1627759,BOS,HOU,2025-01-04,1,23.666666666666668,35.61,4.0,4.49,5.675,1.1849999999999996,29.015541666666664,240.526875,240.47791666666663,23,True,True,-14.1 -12.0 -3.0 5.0 12.0 19.1 23.0,-15.0 -11.1 -3.0 6.0 15.0 21.0 27.0
0022400475,1,Jeremy Sochan,1631110,SAS,DEN,2025-01-04,3,13.266666666666667,30.27,3.0,-4.22,-4.055,0.165,27.781541666666666,240.556875,240.19729166666667,3,True,True,-26.0 -19.0 -12.0 -5.5 4.2 13.0 18.0,-27.0 -22.0 -11.0 -4.0 6.0 11.1 16.0
0022400476,1,Keegan Murray,1631099,SAC,MEM,2025-01-04,3,10.333333333333334,31.06,4.0,-1.775,-1.06,0.7149999999999999,26.25808333333333,240.836875,240.52145833333333,5,True,True,-25.0 -20.0 -10.0 -1.0 7.0 13.1 19.0,-21.2 -16.1 -9.0 -2.0 7.0 16.0 20.0
0022400478,1,Kelly Oubre Jr.,1626162,PHI,BKN,2025-01-04,3,12.8,33.63,4.0,3.595,4.605,1.0100000000000002,27.831541666666663,240.59666666666664,240.7325,29,True,True,-18.0 -12.0 -5.0 4.0 12.0 19.2 22.0,-15.0 -10.1 -5.0 5.0 12.0 22.0 26.0
0022400474,1,Kyrie Irving,202681,DAL,CLE,2025-01-04,1,24.533333333333335,35.99,2.0,-6.04,-3.26,2.78,29.923458333333333,240.78395833333337,240.76520833333328,-12,True,True,-29.0 -24.0 -14.0 -6.0 3.0 11.1 16.0,-22.0 -19.0 -11.0 -4.0 5.2 12.0 20.0
0022400470,1,RJ Barrett,1629628,TOR,ORL,2025-01-04,2,22.8,33.3,6.0,-1.59,-1.825,-0.2349999999999998,31.172125,240.53395833333337,240.66583333333335,-9,True,True,-22.0 -18.1 -10.0 -2.0 7.0 14.0 17.0,-23.0 -17.0 -11.0 -2.0 8.2 14.0 16.0
0022400486,1,Jalen Johnson,1630552,ATL,LAC,2025-01-05,3,19.8,34.82,1.0,-7.225,-5.825,1.3999999999999997,32.27816666666667,240.77416666666667,240.41999999999996,-26,True,True,-30.0 -24.0 -15.2 -6.0 2.0 9.1 13.0,-30.0 -23.2 -13.0 -6.0 4.2 11.0 15.0
0022400483,1,Jerami Grant,203924,POR,MIL,2025-01-05,3,13.4,31.41,7.0,-8.285,-6.605,1.6799999999999995,27.408833333333337,240.35479166666667,239.9408333333334,3,True,True,-34.0 -26.0 -18.0 -9.0 2.0 10.1 15.0,-25.1 -21.1 -14.2 -7.5 2.2 9.0 12.0
0022400489,1,Jordan Poole,1629673,WAS,NOP,2025-01-05,2,22.133333333333333,33.27,1.0,-3.955,-2.88,1.0750000000000002,34.50420833333333,240.12500000000003,240.45583333333337,-12,True,True,-28.0 -20.1 -13.0 -4.5 5.2 13.0 16.0,-27.0 -20.0 -10.2 -3.0 6.0 12.1 18.0
0022400485,1,Stephen Curry,201939,GSW,MEM,2025-01-05,1,21.666666666666668,32.84,2.0,-4.5,-1.275,3.225,26.749166666666667,240.28333333333333,240.30541666666667,8,True,True,-24.0 -22.0 -14.0 -4.0 5.0 12.0 17.0,-25.0 -19.1 -11.2 -2.0 9.0 18.1 24.1
0022400492,1,De'Aaron Fox,1628368,SAC,GSW,2025-01-06,2,24.6,37.8,2.0,-1.72,0.305,2.025,30.76575,241.118125,240.50854166666667,30,True,True,-25.0 -21.1 -10.5 0.0 7.0 13.0 19.0,-21.0 -14.1 -8.0 -1.0 9.0 17.0 20.0
0022400495,1,Cameron Johnson,1629661,BKN,IND,2025-01-07,3,19.8,31.64,4.0,-8.12,-6.66,1.459999999999999,31.658875,240.6747916666667,239.98062500000003,-14,True,True,-30.0 -24.2 -18.0 -9.0 1.0 9.1 15.0,-28.0 -25.0 -15.0 -6.0 3.0 9.1 11.0
0022400501,1,De'Aaron Fox,1628368,SAC,MIA,2025-01-07,2,24.6,37.8,3.0,0.165,1.115,0.95,31.910208333333333,240.4593749999999,240.63083333333336,5,True,True,-24.0 -18.0 -10.0 1.0 10.0 18.0 22.0,-20.1 -15.0 -9.0 2.0 11.0 17.0 22.0
0022400499,1,Desmond Bane,1630217,MEM,DAL,2025-01-07,3,19.2,33.39,2.0,0.275,3.485,3.21,33.06104166666667,240.44916666666668,240.42395833333333,15,True,True,-20.0 -15.0 -8.2 -1.0 9.0 18.0 23.0,-20.1 -16.1 -6.2 4.0 14.0 23.0 27.0
0022400496,1,Karl-Anthony Towns,1626157,NYK,ORL,2025-01-07,1,25.2,39.59,2.0,9.38,9.415,0.0349999999999983,32.4965,240.495,240.5308333333333,-9,True,True,-13.0 -10.0 1.0 9.0 19.0 26.0 32.0,-12.0 -9.0 2.0 9.5 19.0 26.0 32.0
0022400499,1,Kyrie Irving,202681,DAL,MEM,2025-01-07,1,24.533333333333335,35.99,5.0,-0.275,0.505,0.78,27.146791666666665,240.44916666666663,240.78708333333336,-15,True,True,-23.0 -18.0 -9.0 1.0 8.2 15.0 20.0,-20.1 -18.0 -9.2 2.0 10.2 17.0 22.1
0022400507,1,Derrick White,1628401,BOS,DEN,2025-01-08,3,15.666666666666666,34.92,3.0,7.49,7.08,-0.4100000000000001,30.800625,240.47791666666663,240.24479166666663,12,True,True,-14.0 -8.1 -1.0 8.0 16.0 23.0 29.0,-17.0 -12.1 -4.0 6.0 17.0 27.1 32.0
0022400506,1,Jalen Johnson,1630552,ATL,UTA,2025-01-08,3,19.8,34.82,4.0,0.355,4.055,3.7,30.821,240.625,240.4077083333333,3,True,True,-22.0 -16.0 -9.0 2.0 8.0 15.0 22.0,-19.1 -13.0 -4.0 5.0 12.0 21.0 24.0
0022400506,1,John Collins,1628381,UTA,ATL,2025-01-08,3,17.6,34.42,3.0,-0.355,-0.7,-0.345,33.961416666666665,240.625,240.780625,-3,True,True,-22.0 -15.0 -8.0 -2.0 9.0 16.0 22.0,-25.0 -18.0 -10.0 -1.0 9.0 15.0 21.0
0022400503,1,Jordan Poole,1629673,WAS,HOU,2025-01-08,2,22.133333333333333,33.27,4.0,-10.03,-8.32,1.709999999999999,34.07925,241.14041666666665,240.7175,-23,True,True,-32.0 -27.1 -18.0 -10.0 -3.0 7.0 11.0,-26.0 -23.0 -16.0 -8.5 -2.0 6.0 11.0
0022400504,1,Kyrie Irving,202681,DAL,LAL,2025-01-08,1,24.533333333333335,35.99,6.0,-2.21,0.28,2.49,29.937,240.56833333333333,240.3766666666667,21,True,True,-25.0 -18.1 -11.2 -3.0 7.0 15.1 20.0,-21.0 -14.0 -7.0 -1.0 9.0 14.0 18.0
0022400507,1,Nikola Jokic,203999,DEN,BOS,2025-01-08,1,32.53333333333333,38.03,3.0,-7.49,-2.22,5.27,31.524166666666662,240.4779166666667,239.82729166666664,-12,True,True,-29.0 -23.0 -16.0 -8.0 1.0 8.1 14.0,-23.0 -19.0 -11.2 -2.0 8.0 13.1 19.0
0022400505,1,Trey Murphy III,1630530,NOP,MIN,2025-01-08,2,21.866666666666667,35.88,3.0,-3.315,-3.86,-0.5449999999999999,29.97775,239.948125,240.60041666666663,-7,True,True,-25.0 -22.0 -13.2 -4.0 6.0 15.0 18.0,-22.0 -18.1 -12.0 -3.5 5.0 11.0 13.0
0022400513,1,Cameron Johnson,1629661,BKN,DET,2025-01-09,3,19.8,31.64,6.0,-5.02,-3.885,1.1349999999999998,35.59108333333334,240.241875,240.69395833333337,-15,True,True,-25.0 -22.0 -13.2 -6.0 4.0 14.0 18.1,-25.1 -20.0 -13.0 -6.0 6.0 14.0 21.0
0022400516,1,Jeremy Sochan,1631110,SAS,MIL,2025-01-09,3,12.8,28.96,2.0,0.47,0.115,-0.355,26.083833333333335,239.99333333333337,240.95062499999997,-16,True,True,-22.0 -18.0 -9.0 1.0 9.0 17.2 23.0,-20.0 -15.0 -9.0 1.0 8.0 17.0 19.0
0022400512,1,Jordan Poole,1629673,WAS,PHI,2025-01-09,2,22.133333333333333,33.27,5.0,-6.8,-6.595,0.205,34.344458333333336,240.80875,240.6685416666667,-6,True,True,-29.0 -24.0 -15.0 -6.0 2.0 9.0 13.0,-28.0 -24.0 -16.0 -6.5 3.0 10.0 14.0
0022400515,1,Kawhi Leonard,202695,LAC,DEN,2025-01-09,1,21.0,29.95,2.0,-0.455,2.115,2.5700000000000003,25.821833333333338,241.0614583333334,240.58020833333333,-23,True,True,-20.0 -17.0 -9.0 -2.0 8.0 17.0 20.0,-20.0 -14.0 -6.0 3.0 10.0 17.0 23.1
0022400510,1,Myles Turner,1626167,IND,CHI,2025-01-09,3,14.4,31.76,2.0,1.185,1.36,0.175,28.357333333333333,240.88625,240.35541666666663,16,True,True,-19.0 -16.1 -8.0 2.0 9.2 18.1 23.0,-17.0 -15.0 -8.0 1.0 10.2 17.0 23.0
0022400515,1,Nikola Jokic,203999,DEN,LAC,2025-01-09,1,32.53333333333333,38.03,4.0,0.455,1.69,1.235,30.419916666666666,241.06145833333332,240.22791666666663,23,True,True,-20.0 -17.0 -8.0 2.0 9.0 17.0 20.0,-20.0 -16.0 -8.0 1.0 11.0 19.1 24.0
0022400512,1,Paul George,202331,PHI,WAS,2025-01-09,1,16.733333333333334,31.48,2.0,6.8,8.615,1.8150000000000004,29.717708333333334,240.80875,240.80583333333337,6,True,True,-13.0 -9.0 -2.0 6.0 15.0 24.0 29.0,-12.0 -7.0 1.0 9.5 16.0 23.0 30.0
0022400514,1,Trey Murphy III,1630530,NOP,POR,2025-01-09,2,21.866666666666667,35.88,4.0,0.42,3.575,3.155,30.498583333333332,240.67125,240.51791666666668,-19,True,True,-20.0 -16.0 -8.2 0.0 9.0 18.2 24.0,-19.0 -13.1 -5.2 3.0 12.0 21.0 26.0
0022400517,1,Donovan Mitchell,1628378,CLE,TOR,2025-01-10,1,20.466666666666665,29.8,1.0,9.195,10.605,1.41,25.94375,240.48999999999995,239.94791666666663,6,True,True,-15.0 -8.1 -1.0 8.0 18.2 27.1 32.0,-12.1 -6.0 1.0 10.0 20.0 29.1 35.0
0022400522,1,Jalen Johnson,1630552,ATL,PHX,2025-01-10,3,19.8,34.82,6.0,-4.22,-4.235,-0.0150000000000005,31.060041666666667,240.58083333333337,240.40833333333333,-8,True,True,-26.0 -20.0 -13.0 -4.0 6.0 11.1 14.1,-27.0 -21.1 -13.0 -5.0 6.0 12.1 19.0
0022400523,1,John Collins,1628381,UTA,MIA,2025-01-10,3,17.6,34.42,5.0,-4.12,-4.145,-0.0249999999999994,34.539125,240.73333333333332,241.36187499999997,-5,True,True,-23.0 -19.0 -12.2 -3.0 5.0 10.0 14.0,-26.0 -19.0 -11.0 -5.0 4.0 12.1 15.0
0022400525,1,Stephen Curry,201939,GSW,IND,2025-01-11,1,22.533333333333335,31.77,1.0,-4.885,-3.395,1.4899999999999998,32.51254166666667,240.96770833333332,240.74208333333337,-12,True,True,-30.0 -24.1 -14.2 -5.0 5.0 11.2 19.0,-25.0 -22.0 -11.0 -4.0 5.0 14.0 18.1
0022400850,2,Aaron Gordon,203932,DEN,DET,2025-03-01,3,12.266666666666667,29.63,1.0,6.75,6.3,-0.4500000000000002,24.73175,237.431875,236.9391666666667,15,True,False,-17.0 -12.1 -2.2 8.0 17.2 24.1 29.0,-16.0 -11.0 -3.0 6.0 16.0 22.0 26.0
0022400854,2,Andrew Wiggins,203952,MIA,IND,2025-03-01,3,19.6,37.18,2.0,-0.42,-0.615,-0.195,29.625666666666667,235.91333333333336,233.54687499999997,5,False,False,-23.0 -19.0 -9.2 -1.0 9.0 18.1 23.0,-19.0 -17.0 -10.0 -1.0 8.0 16.0 20.0
0022400858,2,Anthony Edwards,1630162,MIN,UTA,2025-03-01,1,29.733333333333334,34.9,1.0,8.38,8.965,0.5849999999999991,29.740916666666667,236.01125,237.19958333333332,-1,True,False,-11.0 -8.0 0.5 8.0 16.0 25.1 30.0,-12.0 -8.0 -1.0 9.0 19.0 26.1 31.0
0022400857,2,Bradley Beal,203078,PHX,NOP,2025-03-01,3,17.6,38.2,3.0,4.61,6.3,1.6899999999999995,30.17125,235.30166666666665,236.78416666666664,17,True,False,-16.1 -11.0 -4.0 4.0 12.0 22.1 26.1,-14.0 -11.0 -5.0 6.0 16.0 24.0 31.2
0022400857,2,CJ McCollum,203468,NOP,PHX,2025-03-01,2,22.0,34.09,1.0,-4.61,-5.73,-1.12,27.0145,235.30166666666668,234.959375,-17,True,False,-26.1 -22.1 -12.0 -4.0 4.0 11.0 16.1,-29.0 -25.0 -15.0 -5.0 4.0 11.0 18.0
0022400853,2,Jerami Grant,203924,POR,BKN,2025-03-01,3,13.933333333333334,34.02,2.0,-1.2,-1.595,-0.395,28.715,236.38354166666667,233.68,19,False,False,-20.0 -17.0 -11.0 -3.0 6.2 17.1 20.1,-25.0 -19.0 -11.0 -2.5 8.0 16.1 23.0
0022400860,2,Jordan Poole,1629673,WAS,CHA,2025-03-01,3,19.466666666666665,33.22,2.0,1.78,1.0,-0.78,27.215291666666666,235.464375,236.6747916666666,13,True,False,-19.0 -14.1 -6.0 2.0 10.0 18.1 23.0,-19.0 -15.0 -8.0 2.0 9.2 18.0 22.0
0022400860,2,KJ Simpson,1642354,CHA,WAS,2025-03-01,3,9.0,29.7,1.0,-1.78,-3.27,-1.49,27.802416666666662,235.464375,235.840625,-13,True,False,-23.0 -18.1 -10.0 -2.0 6.0 14.1 19.0,-23.0 -19.0 -13.0 -5.0 6.0 12.1 20.0
0022400852,2,Kristaps Porziņģis,204001,BOS,CLE,2025-03-01,3,19.266666666666666,30.72,2.0,1.34,0.52,-0.8200000000000001,25.182625,233.88416666666663,233.3875,-7,True,False,-19.0 -16.0 -9.0 2.0 11.0 19.0 22.0,-25.0 -19.0 -10.2 2.5 10.0 18.0 24.0
0022400858,2,Lauri Markkanen,1628374,UTA,MIN,2025-03-01,3,19.0,33.09,6.0,-8.38,-6.72,1.660000000000001,25.24425,236.01125,236.33708333333337,1,True,False,-30.0 -25.1 -16.0 -8.0 -0.5 8.0 11.0,-27.1 -22.1 -15.0 -6.0 2.0 11.0 14.0
0022400855,2,Nikola Vučević,202696,CHI,TOR,2025-03-01,3,15.266666666666667,31.81,7.0,-0.65,-1.65,-1.0,24.128,235.90270833333332,234.918125,10,True,False,-21.0 -17.0 -10.0 -2.0 8.0 17.0 22.0,-24.0 -20.0 -11.0 -2.0 7.0 15.2 20.1
0022400866,2,Aaron Gordon,203932,DEN,BOS,2025-03-02,3,12.266666666666667,29.63,2.0,-1.095,1.44,2.535,26.005166666666664,236.7375,236.32458333333335,-7,True,False,-23.0 -19.0 -10.2 1.0 8.0 15.0 19.0,-22.0 -18.0 -7.2 2.0 10.2 19.0 24.0
0022400869,2,Andrew Wiggins,203952,MIA,NYK,2025-03-02,3,19.6,37.18,3.0,-7.555,-6.225,1.33,30.36025,236.75666666666663,234.58041666666665,-4,False,False,-29.0 -24.1 -16.0 -7.5 1.0 9.0 14.0,-27.1 -21.0 -14.0 -6.0 2.0 9.0 13.0
0022400863,2,Desmond Bane,1630217,MEM,SAS,2025-03-02,2,21.133333333333333,37.74,1.0,3.135,5.11,1.9750000000000003,31.01920833333333,236.96125,233.745625,-2,False,False,-17.0 -14.0 -6.2 3.0 12.0 20.0 23.1,-15.0 -11.0 -5.0 5.0 15.0 23.1 27.0
0022400867,2,Donovan Mitchell,1628378,CLE,POR,2025-03-02,1,27.0,29.85,1.0,7.835,9.24,1.4050000000000002,25.993791666666667,232.87145833333335,233.08125,4,True,False,-13.1 -9.0 -1.0 8.0 16.0 24.0 30.0,-15.0 -8.2 1.0 9.5 20.0 29.0 31.0
0022400867,2,Jerami Grant,203924,POR,CLE,2025-03-02,3,13.933333333333334,34.02,3.0,-7.835,-8.33,-0.4950000000000001,28.629166666666663,232.87145833333335,232.3372916666667,-4,True,False,-30.0 -24.0 -16.0 -8.0 1.0 9.0 13.1,-32.0 -27.0 -19.2 -8.0 3.0 10.0 13.0
0022400864,2,Jimmy Butler,202710,GSW,PHI,2025-03-02,3,15.466666666666669,28.91,2.0,4.285,3.115,-1.17,25.133541666666662,232.51541666666668,232.98666666666665,-7,True,False,-16.1 -12.1 -5.0 5.5 14.0 20.0 24.0,-21.0 -16.0 -7.2 4.0 12.0 20.0 27.0
0022400866,2,Kristaps Porziņģis,204001,BOS,DEN,2025-03-02,3,19.266666666666666,30.72,3.0,0.41,1.93,1.52,25.433375,234.968125,236.53000000000003,7,True,False,-22.0 -19.0 -10.0 1.0 11.0 17.1 20.0,-18.0 -14.1 -8.0 3.0 10.2 18.1 23.0
0022400872,2,John Collins,1628381,UTA,NOP,2025-03-03,3,19.733333333333334,33.56,2.0,-5.25,-5.8,-0.5499999999999998,27.949,236.303125,237.94354166666665,-7,True,False,-29.0 -22.0 -14.0 -4.0 3.2 10.0 14.0,-26.1 -22.0 -15.0 -5.0 3.0 9.1 15.0
0022400874,2,Rui Hachimura,1629060,LAL,LAC,2025-03-03,3,15.666666666666666,33.15,3.0,-5.985,-7.645,-1.6599999999999993,30.074833333333338,232.51000000000005,231.69229166666665,6,True,False,-29.0 -24.1 -17.0 -6.5 4.0 12.0 17.0,-32.0 -27.0 -16.0 -8.0 2.0 10.0 13.0
0022400879,2,Amen Thompson,1641708,HOU,OKC,2025-03-04,3,14.666666666666666,36.05,2.0,-11.845,-9.795,2.0500000000000007,34.095333333333336,235.05020833333327,235.70666666666665,-9,True,False,-38.0 -31.1 -21.0 -11.5 -2.8 6.0 10.0,-30.0 -26.0 -21.0 -10.0 -1.0 9.0 13.1
0022400877,2,Andrew Wiggins,203952,MIA,WAS,2025-03-04,3,19.6,37.18,5.0,5.23,4.2,-1.0300000000000002,31.896958333333338,234.84604166666668,236.483125,16,True,False,-18.0 -11.0 -4.2 5.0 14.0 22.0 26.0,-19.0 -13.0 -6.0 4.0 12.2 23.2 30.0
0022400878,2,Ja Morant,1629630,MEM,ATL,2025-03-04,3,19.933333333333337,34.67,3.0,5.91,6.955,1.045,26.878291666666662,237.63395833333337,237.37500000000003,-2,True,False,-14.0 -10.0 -3.0 4.0 15.0 25.0 30.0,-16.0 -10.1 -2.0 6.5 16.0 24.0 27.0
0022400876,2,Jerami Grant,203924,POR,PHI,2025-03-04,3,13.933333333333334,34.02,5.0,-0.975,-1.925,-0.95,26.133625,234.4302083333333,233.63833333333332,17,True,False,-23.0 -17.1 -10.0 -2.0 8.0 16.0 19.0,-21.0 -19.0 -11.2 -1.5 7.0 13.1 20.0
0022400881,2,John Collins,1628381,UTA,DET,2025-03-04,3,19.733333333333334,33.56,3.0,-9.115,-6.255,2.8600000000000003,24.77595833333333,235.40208333333337,234.48083333333335,-28,True,False,-31.0 -27.0 -18.0 -9.0 -0.5 9.1 15.0,-30.0 -25.1 -16.0 -7.0 4.0 12.1 17.0
0022400877,2,Jordan Poole,1629673,WAS,MIA,2025-03-04,3,19.466666666666665,33.22,5.0,-4.245,-3.97,0.2749999999999999,27.302375,234.5595833333333,234.10145833333337,-16,True,False,-28.0 -23.0 -12.0 -4.0 5.0 13.0 17.0,-23.0 -20.0 -13.0 -5.0 5.2 11.0 16.0
0022400875,2,KJ Simpson,1642354,CHA,GSW,2025-03-04,3,9.0,29.7,4.0,-7.39,-9.5,-2.1100000000000003,23.630625,233.91625,235.9720833333334,-18,False,False,-30.0 -24.1 -18.0 -7.0 1.0 12.0 18.0,-29.0 -24.1 -17.2 -10.0 -1.0 6.1 10.0
0022400876,2,Kelly Oubre Jr.,1626162,PHI,POR,2025-03-04,3,17.733333333333334,37.47,2.0,0.975,1.555,0.58,31.587083333333332,234.43020833333335,233.82833333333335,-17,True,False,-19.0 -16.0 -8.0 2.0 10.0 17.1 23.0,-20.0 -16.0 -8.0 2.0 11.0 19.0 27.0
0022400881,2,Tobias Harris,202699,DET,UTA,2025-03-04,3,17.266666666666666,32.72,2.0,9.115,8.625,-0.4900000000000002,28.66875,235.40208333333337,237.16770833333337,28,True,False,-15.0 -9.1 0.5 9.0 18.0 27.0 31.0,-13.0 -9.0 -1.0 10.0 17.2 25.0 31.0
0022400886,2,Evan Mobley,1630596,CLE,CHI,2025-03-05,1,19.333333333333332,29.61,3.0,8.245,10.885,2.640000000000001,24.490041666666663,235.01520833333333,234.938125,22,True,False,-13.0 -9.0 -3.0 9.0 18.0 25.3 33.0,-10.0 -4.0 3.0 10.0 19.0 25.1 30.0
0022400882,2,Fred VanVleet,1627832,HOU,IND,2025-03-05,3,13.2,31.63,3.0,0.005,1.37,1.3650000000000002,24.136041666666664,232.32541666666663,233.49479166666663,-13,True,False,-21.1 -15.1 -10.0 1.0 9.0 18.0 23.0,-19.0 -15.0 -8.0 2.0 9.0 18.0 22.1
0022400886,2,Josh Giddey,1630581,CHI,CLE,2025-03-05,3,17.933333333333334,36.94,3.0,-8.245,-7.335,0.9099999999999993,30.45025,235.01520833333333,235.03291666666664,-22,True,False,-33.0 -25.3 -18.0 -9.0 3.0 9.0 13.0,-30.0 -26.0 -16.0 -6.5 2.0 10.0 14.0
0022400885,2,Karl-Anthony Towns,1626157,NYK,GSW,2025-03-05,1,22.733333333333334,37.93,3.0,2.845,3.915,1.0699999999999998,32.06095833333333,234.15645833333332,236.02395833333335,-12,True,False,-20.0 -14.1 -7.0 3.0 12.0 21.0 27.0,-17.0 -13.0 -6.0 3.0 11.0 23.1 29.0
0022400889,2,Norman Powell,1626181,LAC,PHX,2025-03-05,2,23.866666666666667,32.84,2.0,5.12,5.955,0.835,28.433875,234.50979166666667,233.06375,-2,True,False,-15.0 -11.0 -4.0 5.0 13.0 23.0 27.0,-15.0 -10.1 -2.0 6.0 13.0 19.1 26.1
0022400890,2,Rui Hachimura,1629060,LAL,NOP,2025-03-05,3,15.666666666666666,33.15,5.0,4.74,3.515,-1.225,29.763416666666668,231.20833333333337,232.48229166666667,21,True,False,-16.0 -12.1 -4.0 4.0 13.0 22.0 26.0,-21.0 -17.1 -6.0 5.0 13.2 22.0 26.0
0022400896,2,Aaron Gordon,203932,DEN,SAC,2025-03-06,3,12.266666666666667,29.63,6.0,4.625,2.705,-1.92,25.4995,235.68499999999997,236.41041666666663,6,True,False,-20.0 -13.0 -4.0 4.0 15.0 21.0 28.0,-18.0 -14.1 -7.2 2.5 13.0 20.1 25.0
0022400893,2,Andrew Wiggins,203952,MIA,CLE,2025-03-06,3,19.6,37.18,7.0,-7.39,-8.165,-0.7749999999999995,29.347458333333336,234.96104166666663,232.135625,-5,False,False,-28.0 -24.0 -16.2 -8.0 1.0 10.0 15.1,-28.0 -24.1 -15.0 -7.0 -0.5 8.1 12.0
0022400891,2,Jayson Tatum,1628369,BOS,POR,2025-03-06,1,26.333333333333332,37.66,4.0,9.64,10.03,0.3899999999999988,28.72,233.025625,231.228125,10,True,False,-11.0 -8.1 1.0 10.0 17.0 29.0 32.0,-11.0 -7.0 1.0 10.0 18.0 28.0 31.0
0022400891,2,Jerami Grant,203924,POR,BOS,2025-03-06,3,13.933333333333334,34.02,7.0,-9.64,-10.18,-0.5399999999999991,24.900041666666667,233.02562499999996,234.624375,-10,True,False,-32.0 -29.0 -17.0 -10.0 -1.0 8.1 11.0,-31.0 -29.0 -19.0 -9.5 -2.0 7.0 13.0
0022400894,2,John Collins,1628381,UTA,WAS,2025-03-06,3,19.733333333333334,33.56,5.0,-4.055,-1.615,2.4399999999999995,28.923791666666663,236.03895833333337,237.52,-3,True,False,-24.0 -19.1 -12.0 -4.0 5.0 10.1 16.0,-24.0 -18.0 -10.0 -2.0 6.0 14.0 20.0
0022400894,2,Jordan Poole,1629673,WAS,UTA,2025-03-06,3,19.466666666666665,33.22,7.0,4.055,2.555,-1.4999999999999996,27.818416666666668,236.03895833333337,236.73333333333332,3,True,False,-16.0 -10.1 -5.0 4.0 12.0 19.1 24.0,-22.0 -15.1 -7.0 3.0 12.0 18.2 24.0
0022400892,2,KJ Simpson,1642354,CHA,MIN,2025-03-06,3,9.0,29.7,6.0,-11.205,-12.06,-0.8550000000000004,26.481916666666667,235.7639583333333,236.10104166666667,-15,True,False,-32.0 -28.1 -20.0 -11.5 -3.0 8.2 13.0,-36.0 -32.0 -21.0 -12.0 -3.0 7.1 11.0
0022400898,2,Kawhi Leonard,202695,LAC,DET,2025-03-06,1,19.066666666666663,35.56,1.0,0.815,2.495,1.6800000000000002,29.167624999999997,233.08645833333333,231.6925,8,True,False,-23.0 -18.0 -8.0 2.0 10.0 20.0 24.0,-21.0 -15.1 -6.2 4.0 11.0 19.1 24.0
0022400896,2,Malik Monk,1628370,SAC,DEN,2025-03-06,3,16.6,30.39,2.0,-4.605,-1.66,2.9450000000000003,29.047458333333335,235.97250000000005,235.0358333333333,-6,True,False,-28.0 -22.0 -12.0 -4.0 4.2 10.0 14.0,-24.0 -19.0 -10.0 -2.0 7.2 14.1 23.0
0022400895,2,Santi Aldama,1630583,MEM,OKC,2025-03-06,3,11.666666666666666,31.46,4.0,-1.81,-1.665,0.145,27.240708333333338,238.58041666666665,238.04666666666668,-17,True,True,-23.0 -20.1 -10.0 -3.0 7.0 15.0 20.0,-26.0 -17.0 -11.0 -2.0 7.0 15.1 20.0
0022400898,2,Tobias Harris,202699,DET,LAC,2025-03-06,3,17.266666666666666,32.72,4.0,-0.815,-1.455,-0.6400000000000001,26.69975,233.08645833333333,232.16458333333335,-8,True,False,-24.0 -20.0 -10.0 -2.0 8.0 18.0 23.0,-24.0 -19.0 -10.0 -2.0 7.0 17.1 20.1
0022400902,2,Fred VanVleet,1627832,HOU,NOP,2025-03-07,3,13.2,31.63,5.0,4.065,6.145,2.079999999999999,26.30875,235.4325,234.2758333333333,12,True,False,-19.0 -13.0 -3.2 5.0 11.0 21.1 28.0,-18.0 -14.0 -2.0 8.0 15.0 23.0 29.0
0022400900,2,Jaylen Brown,1627759,BOS,PHI,2025-03-07,1,22.2,35.85,1.0,8.365,8.265,-0.0999999999999996,30.431541666666664,232.55749999999995,232.60562500000003,18,True,False,-15.0 -10.1 -1.0 8.0 18.0 24.1 32.0,-13.0 -8.1 -2.0 8.5 17.0 25.0 33.0
0022400903,2,Rui Hachimura,1629060,LAL,NYK,2025-03-07,3,15.666666666666666,33.15,7.0,-6.385,-5.33,1.0549999999999995,29.66175,233.150625,234.48791666666665,4,True,False,-27.0 -23.1 -14.2 -7.0 1.0 9.0 17.0,-27.0 -22.0 -13.0 -5.0 4.0 9.0 14.0
0022400899,2,Tyrese Haliburton,1630169,IND,ATL,2025-03-07,1,22.0,35.01,2.0,0.11,1.91,1.7999999999999998,29.4915,236.9827083333333,237.7514583333333,-6,True,False,-21.0 -18.0 -9.0 -1.0 9.0 18.1 22.0,-20.0 -15.0 -6.2 2.0 12.0 18.0 21.0
0022400912,2,Cameron Johnson,1629661,BKN,CHA,2025-03-08,3,17.2,30.56,1.0,9.69,11.14,1.450000000000001,28.98175,232.91833333333335,235.40583333333333,-3,False,False,-13.0 -8.0 2.8 9.0 18.0 25.0 30.0,-7.0 -5.0 3.0 11.0 20.0 26.1 30.0
0022400908,2,Deni Avdija,1630166,POR,OKC,2025-03-08,3,14.0,29.0,2.0,-6.365,-6.44,-0.0750000000000001,23.175125,236.95562499999997,238.3658333333333,-18,True,False,-30.1 -25.0 -16.0 -6.0 4.0 11.1 17.0,-30.0 -25.0 -16.0 -7.0 3.0 12.1 17.0
0022400905,2,John Collins,1628381,UTA,TOR,2025-03-08,3,19.733333333333334,33.56,7.0,0.24,2.265,2.0250000000000004,26.179458333333333,236.81770833333337,235.68583333333336,-9,True,False,-25.0 -18.0 -10.0 -1.0 10.2 19.1 23.0,-19.0 -13.2 -6.0 3.0 10.0 18.0 22.0
0022400912,2,LaMelo Ball,1630163,CHA,BKN,2025-03-08,2,20.0,30.51,2.0,-9.69,-6.81,2.88,29.436458333333334,232.91833333333335,236.96625,3,False,False,-30.0 -25.0 -18.0 -9.0 -2.8 8.0 13.0,-29.0 -26.0 -15.0 -8.0 2.2 11.0 17.0
0022400910,2,Malik Monk,1628370,SAC,SAS,2025-03-08,3,16.6,30.39,4.0,1.75,3.725,1.975,25.97370833333333,236.233125,235.75291666666664,18,True,False,-20.0 -15.0 -6.2 2.0 10.0 19.1 23.1,-21.0 -16.1 -7.0 5.0 14.0 21.0 25.0
0022400911,2,Norman Powell,1626181,LAC,NYK,2025-03-08,2,23.866666666666667,32.84,5.0,-0.51,1.155,1.665,27.014041666666667,236.12729166666665,234.63791666666668,10,True,False,-21.0 -17.0 -10.0 -1.0 8.0 16.0 20.0,-24.0 -17.0 -8.0 2.0 12.0 19.0 22.1
0022400905,2,RJ Barrett,1629628,TOR,UTA,2025-03-08,3,19.733333333333334,35.01,3.0,-0.24,-0.245,-0.005,31.961791666666667,236.81770833333337,235.47875000000005,9,True,False,-23.0 -19.1 -10.2 1.0 10.0 18.0 25.0,-23.0 -19.0 -10.0 2.0 9.2 15.1 22.0
0022400908,2,Shai Gilgeous-Alexander,1628983,OKC,POR,2025-03-08,1,33.333333333333336,33.77,2.0,6.365,8.025,1.66,31.657125,236.95562500000003,237.96854166666668,18,True,False,-17.0 -11.1 -4.0 6.0 16.0 25.0 30.1,-15.0 -9.0 -1.0 8.0 17.0 26.0 30.0
0022400923,2,CJ McCollum,203468,NOP,MEM,2025-03-09,2,20.266666666666666,30.77,2.0,-9.615,-10.75,-1.1349999999999998,26.62908333333333,234.15604166666668,234.13270833333337,-3,True,False,-31.0 -27.0 -19.0 -10.0 1.0 8.1 14.0,-34.0 -30.1 -20.0 -11.0 -1.8 6.0 12.0
0022400913,2,Fred VanVleet,1627832,HOU,NOP,2025-03-09,3,13.2,31.63,7.0,5.685,4.045,-1.6399999999999997,24.184208333333338,233.75895833333337,235.50583333333333,29,True,False,-16.0 -11.1 -3.2 6.0 16.0 22.0 25.0,-15.0 -13.0 -6.0 4.0 14.0 22.1 27.0
0022400915,2,Immanuel Quickley,1630193,TOR,WAS,2025-03-09,3,17.933333333333334,31.47,1.0,0.305,-0.715,-1.02,28.864708333333333,236.98333333333332,235.08166666666668,-1,True,False,-21.0 -18.0 -7.0 1.0 9.0 17.1 21.0,-26.0 -18.1 -8.2 -1.0 8.0 16.1 21.0
0022400923,2,Santi Aldama,1630583,MEM,NOP,2025-03-09,3,11.933333333333334,29.49,1.0,9.615,9.185,-0.4299999999999997,26.486916666666666,234.15604166666665,235.851875,3,True,False,-14.0 -8.1 -1.0 10.0 19.0 27.0 31.0,-12.0 -8.0 1.0 9.0 19.0 25.1 32.0
0022400914,2,Tyrese Haliburton,1630169,IND,ATL,2025-03-09,1,22.0,35.01,4.0,1.245,0.635,-0.6100000000000001,27.45745833333333,235.50083333333333,237.69604166666664,-2,False,False,-23.1 -15.1 -8.0 2.0 10.0 18.0 23.0,-21.0 -17.0 -7.0 2.0 9.0 18.0 22.0
0022400926,2,Deni Avdija,1630166,POR,DET,2025-03-10,3,14.0,29.0,4.0,-4.53,-4.095,0.4350000000000005,26.05483333333333,236.38125,235.0683333333333,-7,True,False,-26.1 -20.0 -13.0 -4.5 5.0 11.0 14.0,-27.0 -20.0 -11.2 -4.0 4.2 11.1 15.0
0022400929,2,Jayson Tatum,1628369,BOS,UTA,2025-03-10,1,29.0,37.56,1.0,9.97,13.1,3.129999999999999,28.903041666666663,235.5204166666667,235.0108333333333,6,True,False,-11.0 -6.0 3.0 10.0 18.0 26.1 31.0,-8.0 -4.0 5.0 13.0 22.0 31.0 34.0
0022400928,2,Kelly Oubre Jr.,1626162,PHI,ATL,2025-03-10,3,17.4,35.16,1.0,-3.515,-4.39,-0.8749999999999996,30.539541666666665,235.6583333333333,234.98291666666665,-9,True,False,-25.0 -19.1 -14.0 -3.5 7.0 13.1 17.0,-26.0 -21.0 -13.0 -3.0 3.2 11.0 14.0
0022400930,2,LeBron James,2544,LAL,BKN,2025-03-10,1,28.733333333333334,37.86,1.0,4.135,5.865,1.7300000000000004,29.2,233.8918749999999,236.49791666666667,-3,False,False,-17.0 -14.0 -4.2 5.0 13.0 21.0 23.0,-16.0 -11.1 -4.0 7.0 14.0 24.2 29.1
0022400927,2,Malik Monk,1628370,SAC,LAC,2025-03-10,3,16.6,30.39,6.0,-1.905,-3.49,-1.5850000000000002,26.913541666666667,233.42604166666663,231.5664583333333,-1,True,False,-24.1 -20.1 -11.0 -2.0 7.0 16.1 21.1,-25.0 -22.1 -13.0 -4.0 6.0 12.1 20.0
0022400927,2,Norman Powell,1626181,LAC,SAC,2025-03-10,2,23.866666666666667,32.84,7.0,1.905,4.185,2.2799999999999994,26.914583333333333,233.4260416666667,232.24166666666665,1,True,False,-21.1 -16.1 -7.0 2.0 11.0 20.1 24.1,-15.0 -12.0 -5.0 4.0 12.0 21.1 25.0
0022400928,2,Trae Young,1629027,ATL,PHI,2025-03-10,1,26.066666666666663,35.02,1.0,3.515,5.475,1.9599999999999995,28.625541666666667,235.65833333333333,234.60229166666667,9,True,False,-17.0 -13.1 -7.0 3.5 14.0 19.1 25.0,-19.0 -14.0 -5.0 6.0 16.0 23.1 28.0
0022400936,2,Aaron Gordon,203932,DEN,OKC,2025-03-11,3,12.933333333333334,28.58,2.0,-2.61,-0.93,1.6799999999999995,24.46079166666667,236.573125,239.13833333333332,13,False,False,-27.0 -23.0 -12.2 -3.0 7.2 15.0 22.0,-23.0 -19.0 -10.2 1.0 8.0 15.2 22.0
0022400934,2,Amen Thompson,1641708,HOU,ORL,2025-03-11,3,14.866666666666667,35.93,2.0,-0.18,2.21,2.39,30.977208333333333,233.73229166666664,236.2052083333333,13,False,False,-21.0 -18.0 -10.0 -1.0 8.2 17.1 22.0,-18.0 -15.0 -8.0 3.0 11.0 18.0 23.0
0022400935,2,Bradley Beal,203078,PHX,MEM,2025-03-11,3,18.4,33.52,2.0,-0.235,-0.635,-0.4,26.594583333333333,236.47562500000004,236.6870833333333,-2,True,False,-24.0 -18.1 -11.0 -1.0 8.0 20.0 25.0,-25.0 -19.1 -11.0 1.0 9.2 17.1 20.0
0022400940,2,Donovan Mitchell,1628378,CLE,BKN,2025-03-11,1,25.2,32.62,1.0,5.76,5.9,0.1400000000000005,29.64495833333333,232.948125,233.90645833333335,5,True,False,-13.0 -11.0 -4.0 5.5 15.2 22.1 27.0,-17.0 -13.0 -3.0 7.0 14.0 22.1 26.0
0022400935,2,Santi Aldama,1630583,MEM,PHX,2025-03-11,3,11.933333333333334,29.49,3.0,0.235,3.515,3.28,30.21783333333333,236.475625,237.00645833333337,2,True,False,-25.0 -20.0 -8.0 1.0 11.0 18.1 24.0,-20.0 -16.0 -4.2 4.0 13.0 20.0 26.0
0022400933,2,Tyrese Haliburton,1630169,IND,CHI,2025-03-11,1,22.0,35.01,6.0,2.925,3.475,0.5500000000000003,27.149749999999997,235.8889583333333,236.30458333333328,-18,True,False,-19.1 -16.0 -7.0 2.5 12.0 22.0 26.0,-18.1 -11.0 -4.0 4.0 12.0 18.0 25.0
0022400947,2,Guerschon Yabusele,1627824,PHI,TOR,2025-03-12,3,12.133333333333333,28.41,2.0,1.4,-1.355,-2.755,28.767333333333333,233.72333333333336,235.9135416666667,-13,False,False,-20.1 -16.0 -7.0 2.0 10.0 17.1 22.1,-22.0 -19.0 -12.0 -2.5 9.0 18.1 21.0
0022400946,2,Jalen Williams,1631114,OKC,BOS,2025-03-12,1,22.733333333333334,30.22,1.0,-2.62,-3.95,-1.33,26.001416666666668,234.81875,236.70333333333335,6,True,False,-25.1 -21.0 -11.0 -2.0 7.0 14.1 19.0,-27.0 -24.0 -14.0 -4.0 6.0 13.0 20.0
0022400947,2,RJ Barrett,1629628,TOR,PHI,2025-03-12,3,19.933333333333337,33.34,2.0,-1.4,0.81,2.21,32.80504166666667,233.72333333333336,235.85625,13,False,False,-22.1 -17.1 -10.0 -2.0 7.0 16.0 20.1,-19.0 -15.0 -8.0 0.0 10.0 18.1 21.0
0022400952,2,Aaron Gordon,203932,DEN,MIN,2025-03-13,3,12.933333333333334,28.58,4.0,0.11,-0.58,-0.69,23.324625,238.5143750000001,237.664375,-20,True,True,-22.0 -16.0 -10.0 1.0 9.0 16.0 22.0,-21.1 -19.0 -9.0 -2.0 9.0 18.1 22.0
0022400949,2,Amen Thompson,1641708,HOU,PHX,2025-03-13,3,14.866666666666667,35.93,4.0,0.35,1.665,1.315,30.134875,236.633125,236.61979166666669,7,True,False,-21.0 -15.2 -8.0 1.0 10.0 16.0 22.0,-21.0 -17.0 -8.0 2.0 10.2 19.0 25.0
0022400948,2,Kawhi Leonard,202695,LAC,MIA,2025-03-13,1,20.6,38.8,1.0,2.03,4.975,2.945,29.788375,233.4775,235.465,15,True,False,-17.0 -14.0 -7.0 1.0 9.2 21.0 28.0,-13.0 -12.0 -5.0 4.5 13.0 21.1 28.0
0022400950,2,Keyonte George,1641718,UTA,MEM,2025-03-13,3,18.6,29.57,4.0,-6.145,-6.815,-0.6700000000000008,24.302458333333337,233.5414583333333,236.145625,-7,False,False,-30.0 -24.0 -14.0 -6.0 5.0 12.0 14.0,-30.0 -25.0 -16.0 -8.0 3.0 11.1 17.0
0022400955,2,LeBron James,2544,LAL,MIL,2025-03-13,1,28.733333333333334,37.86,4.0,1.75,1.33,-0.4199999999999999,28.511708333333335,234.315625,231.95562500000003,-20,False,False,-19.0 -15.1 -7.0 2.5 11.0 18.1 20.0,-23.1 -17.1 -8.0 2.0 11.2 19.0 22.0
0022400950,2,Santi Aldama,1630583,MEM,UTA,2025-03-13,3,11.933333333333334,29.49,5.0,6.145,7.37,1.2250000000000003,24.685833333333335,233.54145833333337,238.05791666666664,7,False,False,-14.0 -12.0 -5.0 6.0 14.0 24.0 30.0,-11.0 -7.1 -1.0 7.0 15.2 23.0 27.0
0022400958,2,Jaylen Brown,1627759,BOS,MIA,2025-03-14,1,22.2,38.61,2.0,7.675,7.715,0.04,29.98616666666667,234.71625,234.74729166666663,12,True,False,-17.0 -10.0 -2.0 9.0 16.0 24.1 30.0,-17.0 -12.0 -2.0 9.0 17.0 26.0 31.0
0022400956,2,Josh Giddey,1630581,CHI,BKN,2025-03-14,2,20.533333333333335,37.1,3.0,-3.185,-3.905,-0.7199999999999998,28.679291666666664,235.13625,234.23208333333335,6,True,False,-25.0 -20.1 -13.0 -4.0 7.2 15.0 21.1,-28.0 -25.0 -14.0 -4.0 6.0 13.1 17.0
0022400959,2,Quentin Grimes,1629656,PHI,IND,2025-03-14,3,18.6,33.52,2.0,-7.01,-7.465,-0.455,35.56379166666667,234.28000000000003,235.61375,-12,True,False,-25.1 -22.1 -15.2 -8.0 2.2 9.1 14.0,-31.0 -26.1 -17.2 -7.0 2.0 11.1 17.0
0022400961,2,Amen Thompson,1641708,HOU,DAL,2025-03-15,3,14.866666666666667,35.93,6.0,3.895,4.965,1.0699999999999998,30.200750000000003,234.35666666666668,233.65395833333335,37,True,False,-19.0 -13.0 -5.2 4.0 14.2 21.0 28.0,-20.0 -11.1 -4.0 6.0 14.0 24.1 27.0
0022400968,2,Derrick White,1628401,BOS,BKN,2025-03-15,3,18.733333333333334,33.9,1.0,9.09,9.555,0.4649999999999998,26.826166666666666,231.96354166666663,231.40104166666663,2,True,False,-11.0 -7.0 0.5 9.0 17.2 25.1 31.0,-14.2 -9.1 2.0 10.0 19.0 27.0 32.0
0022400962,2,Donovan Mitchell,1628378,CLE,MEM,2025-03-15,1,25.2,32.62,5.0,0.02,2.535,2.515,25.20354166666667,234.97541666666663,236.9066666666667,9,True,False,-22.0 -17.1 -10.0 0.0 9.2 19.1 25.0,-18.0 -14.0 -7.0 2.0 11.0 21.0 26.0
0022400969,2,Jalen Williams,1631114,OKC,DET,2025-03-15,1,22.733333333333334,30.22,4.0,3.85,7.35,3.4999999999999996,26.127875,235.275,236.96166666666664,6,True,False,-19.0 -14.0 -6.0 2.5 14.0 22.0 29.0,-12.1 -7.2 -2.0 8.0 14.2 24.0 31.0
0022400963,2,Kentavious Caldwell-Pope,203484,ORL,MIN,2025-03-15,3,8.4,29.25,1.0,-7.545,-7.715,-0.1699999999999999,28.470291666666665,233.96104166666672,234.95958333333337,-7,True,False,-30.0 -24.0 -15.2 -7.5 2.0 10.0 12.0,-31.0 -25.1 -16.2 -7.0 2.0 10.0 12.0
0022400966,2,Keyonte George,1641718,UTA,TOR,2025-03-15,3,18.6,29.57,6.0,-3.685,-0.515,3.17,27.549958333333333,237.71854166666665,236.508125,-8,True,False,-23.0 -21.0 -12.2 -5.0 6.0 13.1 17.0,-20.0 -16.0 -10.0 -2.0 6.2 17.1 21.0
0022400965,2,Luka Dončić,1629029,LAL,DEN,2025-03-15,1,24.866666666666667,39.51,2.0,-7.115,-8.09,-0.9749999999999996,33.87375,235.04354166666664,232.7204166666667,-5,False,False,-30.0 -25.0 -16.0 -7.0 2.0 10.0 12.1,-32.0 -24.0 -18.0 -7.0 1.2 9.1 16.0
0022400968,2,Nic Claxton,1629651,BKN,BOS,2025-03-15,3,11.0,30.2,1.0,-9.09,-11.195,-2.1050000000000004,29.686458333333334,231.96354166666663,232.89625,-2,True,False,-31.0 -25.1 -17.2 -9.0 -0.5 7.0 11.0,-31.0 -28.0 -19.0 -11.5 -2.0 5.0 11.0
0022400962,2,Santi Aldama,1630583,MEM,CLE,2025-03-15,3,11.933333333333334,29.49,7.0,-0.02,0.845,0.865,22.80875,234.97541666666663,235.98520833333333,-9,True,False,-25.0 -19.1 -9.2 0.0 10.0 17.1 22.0,-21.0 -15.1 -10.0 -1.0 10.0 20.1 26.0
0022400970,2,Amen Thompson,1641708,HOU,CHI,2025-03-16,3,14.866666666666667,35.93,7.0,4.56,2.82,-1.7399999999999998,32.57508333333333,235.72604166666667,236.06166666666667,3,True,False,-16.1 -12.0 -6.0 4.0 13.0 23.1 29.0,-21.0 -15.0 -8.0 5.0 11.2 19.0 25.0
0022400979,2,Evan Mobley,1630596,CLE,ORL,2025-03-16,1,20.266666666666666,32.51,1.0,5.89,7.235,1.3450000000000006,29.21425,234.92229166666664,234.48354166666664,-5,True,False,-15.0 -11.0 -5.0 6.0 14.0 23.0 29.1,-16.0 -9.0 -2.2 8.0 16.0 25.0 28.0
0022400971,2,Ja Morant,1629630,MEM,MIA,2025-03-16,2,25.066666666666663,34.07,1.0,1.675,1.245,-0.4299999999999999,27.077041666666663,235.8775,236.55958333333336,34,True,False,-19.0 -14.0 -8.0 2.0 11.0 17.1 25.0,-22.0 -14.2 -8.0 2.0 10.0 18.1 24.0
0022400970,2,Josh Giddey,1630581,CHI,HOU,2025-03-16,2,20.533333333333335,37.1,5.0,-4.56,-3.075,1.4849999999999994,27.720666666666663,235.72604166666667,235.38375,-3,True,False,-29.0 -23.1 -13.0 -4.0 6.0 12.0 16.1,-29.0 -21.1 -12.0 -3.0 6.0 15.0 21.1
0022400981,2,Keyonte George,1641718,UTA,MIN,2025-03-16,3,18.6,29.57,7.0,-9.935,-12.255,-2.3200000000000003,28.653791666666667,234.79,235.74770833333332,-26,True,False,-30.1 -26.0 -19.0 -9.5 -2.0 8.0 11.0,-36.0 -30.1 -21.0 -11.5 -3.0 4.1 8.1
0022400538,2,Kris Dunn,1627739,LAC,CHA,2025-03-16,3,7.2,28.3,2.0,11.635,12.275,0.6400000000000006,22.074458333333332,232.7608333333333,232.40416666666667,35,True,False,-10.0 -3.0 3.0 11.0 20.0 28.0 33.0,-11.0 -7.0 2.8 12.0 21.0 30.0 36.0
0022400977,2,LeBron James,2544,LAL,PHX,2025-03-16,1,28.733333333333334,37.86,7.0,-4.055,-1.935,2.1199999999999997,27.347208333333334,234.00833333333333,234.30166666666668,11,True,False,-24.0 -20.0 -13.2 -5.0 5.0 13.0 18.0,-23.0 -19.0 -11.0 -3.0 7.0 16.0 20.0
0022400980,2,RJ Barrett,1629628,TOR,POR,2025-03-16,3,19.666666666666668,28.9,1.0,0.015,2.215,2.1999999999999997,26.809916666666663,236.69833333333332,236.74604166666668,-3,True,False,-20.1 -16.0 -9.0 -1.0 9.0 15.1 21.0,-21.0 -15.0 -6.0 4.0 11.0 16.1 21.0
0022400978,2,Ziaire Williams,1630533,BKN,ATL,2025-03-16,3,11.4,31.49,1.0,-2.2,-2.6,-0.3999999999999999,32.576125000000005,232.8129166666667,235.7172916666667,8,False,False,-25.1 -21.0 -12.0 -3.0 9.0 14.1 20.1,-26.0 -17.0 -9.2 -2.0 6.0 12.0 17.0
0022400973,2,Zion Williamson,1629627,NOP,SAS,2025-03-16,2,24.2,29.0,2.0,-4.635,-2.69,1.945,23.832916666666662,236.32541666666668,237.70041666666668,-4,True,False,-28.0 -22.0 -13.2 -4.0 3.2 12.1 20.0,-26.0 -21.1 -13.0 -3.0 8.2 15.1 19.0
0022400984,2,Andrew Wiggins,203952,MIA,NYK,2025-03-17,3,19.333333333333332,31.54,1.0,-1.545,-2.795,-1.25,26.453208333333336,236.748125,234.94583333333333,-21,True,False,-20.0 -15.0 -9.0 -1.0 6.0 13.0 16.0,-24.0 -20.0 -12.0 -2.0 6.0 13.0 18.0
0022400982,2,Luguentz Dort,1629652,OKC,MIL,2025-03-17,3,10.666666666666666,32.17,2.0,8.765,6.805,-1.9600000000000009,27.917291666666664,233.195625,234.32416666666668,16,True,False,-14.0 -8.0 1.0 9.0 17.0 26.1 31.0,-16.0 -11.0 -4.0 7.0 18.0 25.0 30.0
0022400991,2,Bradley Beal,203078,PHX,TOR,2025-03-18,3,18.933333333333337,28.71,2.0,5.18,4.415,-0.7649999999999997,22.44995833333333,234.30083333333337,235.13854166666667,40,True,False,-15.0 -11.0 -3.2 5.5 13.0 21.0 26.0,-18.0 -13.1 -6.0 5.0 14.0 20.1 24.1
0022400992,2,Ja Morant,1629630,MEM,SAC,2025-03-18,2,25.066666666666663,34.07,3.0,0.735,2.385,1.65,27.911416666666664,233.24916666666667,233.24604166666663,-10,True,False,-21.0 -16.0 -8.0 1.0 9.2 18.0 23.0,-21.0 -16.0 -7.0 2.0 13.0 19.0 24.0
0022400994,2,Jayson Tatum,1628369,BOS,BKN,2025-03-18,1,29.0,37.98,3.0,6.75,7.645,0.8949999999999996,27.531625,233.26479166666664,233.98333333333332,8,True,False,-12.1 -10.0 -4.0 8.0 15.0 23.2 29.0,-15.0 -9.0 -2.0 7.0 18.0 26.1 31.0
0022400989,2,Josh Giddey,1630581,CHI,UTA,2025-03-18,2,20.533333333333335,37.1,7.0,5.915,6.15,0.2350000000000003,28.441,237.0185416666667,238.29333333333332,14,True,False,-15.0 -10.0 -3.0 5.0 15.0 23.0 28.0,-16.1 -13.0 -4.2 7.0 17.0 24.0 28.0
0022400993,2,Miles Bridges,1628970,CHA,ATL,2025-03-18,2,25.0,32.68,2.0,-8.905,-10.34,-1.4350000000000005,27.574875,235.14854166666663,235.03375000000003,-32,True,False,-29.0 -25.0 -17.0 -9.0 -1.0 7.1 9.0,-33.0 -29.0 -20.0 -10.5 -1.8 9.0 12.0
0022400990,2,Nikola Jokic,203999,DEN,GSW,2025-03-18,1,27.6,39.1,2.0,-2.47,0.025,2.495,31.56566666666667,234.53895833333337,236.27291666666665,9,True,False,-24.0 -21.0 -11.0 -2.0 6.0 13.1 16.0,-23.0 -18.1 -10.0 2.0 9.0 16.0 20.0
0022400991,2,RJ Barrett,1629628,TOR,PHX,2025-03-18,3,19.666666666666668,28.9,3.0,-5.18,-2.78,2.4,26.477874999999997,234.30083333333332,234.805,-40,True,False,-26.0 -21.0 -13.0 -5.5 3.2 11.0 15.0,-23.0 -18.0 -13.0 -2.0 7.0 13.0 18.0
0022400995,2,Toumani Camara,1641739,POR,WAS,2025-03-18,3,13.266666666666667,35.76,2.0,-2.605,-1.63,0.975,28.408416666666668,236.46333333333337,235.1735416666667,15,True,False,-25.0 -21.0 -12.0 -2.0 6.0 14.0 18.0,-21.0 -17.1 -10.0 -3.0 7.2 18.0 20.1
0022400986,2,Tyrese Haliburton,1630169,IND,MIN,2025-03-18,1,20.2,32.91,2.0,-8.53,-8.515,0.0149999999999987,30.9915,233.12749999999997,233.7625,2,True,False,-33.0 -27.1 -16.0 -8.0 1.0 10.0 14.0,-30.0 -27.1 -18.0 -9.0 1.2 9.1 14.0
0022401000,2,Andrew Wiggins,203952,MIA,DET,2025-03-19,3,19.333333333333332,31.54,3.0,0.955,-1.94,-2.895,27.489708333333333,234.820625,234.58770833333335,-3,True,False,-22.0 -18.0 -7.0 2.0 9.0 17.0 21.0,-26.0 -18.0 -11.0 -2.0 7.0 17.0 20.0
0022400998,2,Klay Thompson,202691,DAL,IND,2025-03-19,3,16.866666666666667,31.41,3.0,-4.59,-2.995,1.5949999999999998,30.799458333333337,234.17041666666668,234.81020833333335,-4,True,False,-26.0 -22.1 -13.0 -4.5 4.0 13.0 19.0,-22.0 -19.0 -12.0 -3.5 5.2 14.1 18.0
0022401012,2,Stephen Curry,201939,GSW,MIL,2025-03-19,1,25.533333333333335,33.21,1.0,-1.66,1.41,3.07,26.346375,233.74354166666663,234.38708333333332,11,True,False,-23.0 -18.1 -11.0 -2.0 7.2 16.0 19.0,-21.0 -15.1 -7.2 2.5 10.0 17.0 21.0
0022400998,2,Tyrese Haliburton,1630169,IND,DAL,2025-03-19,1,20.2,32.91,3.0,4.59,2.935,-1.6549999999999998,24.671916666666668,234.17041666666668,233.29958333333332,4,True,False,-19.0 -13.0 -4.0 4.5 13.0 22.1 26.0,-22.0 -15.1 -6.0 3.0 13.0 21.0 25.0
0022401007,2,Bradley Beal,203078,PHX,CHI,2025-03-20,3,18.933333333333337,28.71,4.0,1.935,0.205,-1.73,26.75375,235.35479166666667,236.4345833333333,6,True,False,-17.1 -13.0 -8.0 1.5 10.0 20.0 23.0,-21.0 -17.0 -9.0 1.0 7.2 18.1 25.0
0022401011,2,Cameron Johnson,1629661,BKN,IND,2025-03-20,3,18.066666666666663,32.28,2.0,-1.755,-4.15,-2.3950000000000005,29.575333333333333,234.193125,236.6714583333333,-6,False,False,-24.0 -20.0 -10.0 -2.0 7.0 13.0 20.0,-27.1 -21.0 -12.0 -4.0 4.0 10.1 16.0
0022401009,2,Darius Garland,1629636,CLE,SAC,2025-03-20,1,17.933333333333334,31.44,1.0,3.67,3.825,0.1550000000000002,26.71691666666667,233.8575,234.35708333333335,-4,True,False,-19.0 -13.1 -4.2 3.0 12.0 21.1 24.0,-17.0 -13.0 -5.0 4.0 14.0 21.0 25.0
0022401008,2,Ja Morant,1629630,MEM,POR,2025-03-20,2,25.066666666666663,34.07,5.0,10.34,12.965,2.625,24.981125,236.07374999999996,234.6097916666667,-16,True,False,-15.0 -6.0 2.0 11.0 19.0 27.0 31.0,-10.0 -4.0 3.0 13.0 21.2 33.0 38.0
0022400627,2,Kyshawn George,1642273,WAS,UTA,2025-03-20,3,11.4,29.25,2.0,-0.56,-0.495,0.065,26.657458333333334,235.01249999999996,235.969375,-16,True,False,-26.0 -19.0 -9.2 1.0 9.0 17.0 20.0,-23.0 -20.0 -10.0 0.0 9.2 16.0 19.0
0022401006,2,Nikola Jokic,203999,DEN,LAL,2025-03-20,1,27.6,39.1,4.0,-0.65,4.12,4.7700000000000005,29.99020833333333,235.68354166666668,235.599375,-12,True,False,-26.0 -20.0 -9.2 1.0 8.0 16.0 19.0,-16.0 -12.0 -4.0 4.0 12.0 20.0 25.0
0022401002,2,Shai Gilgeous-Alexander,1628983,OKC,PHI,2025-03-20,1,33.8,36.36,3.0,8.105,8.97,0.8650000000000002,31.549708333333335,235.49375,235.65020833333335,33,True,False,-12.0 -8.1 -1.2 8.0 16.0 25.0 30.1,-14.0 -9.0 -2.0 9.0 20.0 28.0 33.0
0022401011,2,Tyrese Haliburton,1630169,IND,BKN,2025-03-20,1,20.2,32.91,4.0,1.755,4.335,2.58,24.7925,234.193125,235.6035416666667,6,True,False,-20.0 -13.0 -7.0 2.0 10.0 20.0 24.0,-16.0 -14.0 -5.2 4.0 14.0 23.0 26.1
0022401009,2,Zach LaVine,203897,SAC,CLE,2025-03-20,2,23.533333333333335,38.07,2.0,-3.67,-3.775,-0.1049999999999999,32.6355,233.8575,232.92125,4,True,False,-24.0 -21.1 -12.0 -3.0 4.2 13.1 19.0,-28.0 -22.1 -14.0 -4.0 6.0 12.0 18.1
0022401013,2,Josh Giddey,1630581,CHI,SAC,2025-03-21,2,20.533333333333335,33.64,1.0,-1.535,-2.495,-0.9600000000000002,27.319041666666667,235.02625,237.11999999999995,12,False,False,-23.0 -18.1 -10.0 -2.0 8.0 16.0 19.1,-25.0 -21.0 -10.2 -2.0 8.0 13.0 16.0
0022401005,2,RJ Barrett,1629628,TOR,GSW,2025-03-21,3,19.666666666666668,28.9,6.0,-6.495,-5.88,0.6150000000000002,24.498541666666664,234.05541666666667,233.04458333333332,-3,True,False,-29.0 -23.1 -16.0 -7.0 3.0 10.0 15.0,-30.0 -24.1 -14.0 -6.0 5.0 11.0 13.1
0022401022,2,Anfernee Simons,1629014,POR,DEN,2025-03-22,2,23.2,31.8,2.0,-7.09,-7.045,0.0449999999999999,29.170791666666663,234.7822916666667,236.94854166666667,19,False,False,-28.0 -22.1 -16.0 -6.5 2.2 10.0 13.0,-26.0 -22.0 -15.2 -8.0 2.0 11.0 15.0
0022401021,2,Bradley Beal,203078,PHX,CLE,2025-03-22,3,18.933333333333337,28.71,6.0,-4.865,-5.995,-1.13,26.805875,233.66375,234.19958333333335,11,True,False,-28.0 -23.0 -13.0 -5.0 4.0 10.3 17.0,-30.0 -23.1 -16.0 -7.0 4.0 14.1 20.0
0022401023,2,Ja Morant,1629630,MEM,LAC,2025-03-22,2,25.066666666666663,34.07,7.0,-0.16,1.45,1.61,26.021125,234.46375000000003,231.65270833333332,-20,False,False,-26.0 -20.1 -9.0 1.0 10.0 17.0 23.0,-21.0 -17.0 -7.0 2.0 11.0 17.2 24.0
0022401020,2,Jaylen Brown,1627759,BOS,UTA,2025-03-22,1,20.866666666666667,36.35,7.0,12.175,13.32,1.1449999999999996,24.63875,231.99875,234.0114583333333,22,False,False,-9.0 -4.0 4.8 12.5 19.0 29.0 32.1,-11.0 -5.1 4.0 12.5 23.0 30.0 34.0
0022401019,2,Kessler Edwards,1630556,DAL,DET,2025-03-22,3,8.733333333333333,29.05,3.0,-3.455,-3.715,-0.2599999999999998,25.469291666666667,236.99000000000004,234.103125,6,False,False,-27.0 -21.1 -13.0 -4.0 7.0 13.1 21.0,-26.0 -20.0 -13.0 -3.5 4.0 12.0 19.0
0022401017,2,LaMelo Ball,1630163,CHA,OKC,2025-03-22,3,18.0,30.55,2.0,-13.08,-13.145,-0.0649999999999995,28.08354166666667,233.90020833333332,237.37958333333336,-35,False,False,-37.0 -31.1 -22.0 -13.0 -4.8 3.1 8.0,-38.0 -30.0 -22.0 -12.0 -4.0 3.0 8.0
0022401017,2,Luguentz Dort,1629652,OKC,CHA,2025-03-22,3,10.666666666666666,32.17,7.0,13.08,14.055,0.9749999999999996,25.52125,233.90020833333332,234.46062500000005,35,True,False,-8.0 -3.1 4.8 13.0 22.0 31.1 37.0,-6.0 -3.0 3.0 13.0 23.0 31.0 35.1
0022401022,2,Nikola Jokic,203999,DEN,POR,2025-03-22,1,27.6,39.1,6.0,7.09,10.165,3.0749999999999993,27.9905,234.78229166666665,236.20958333333337,-19,True,False,-13.0 -10.0 -2.2 6.5 16.0 22.1 28.0,-11.0 -6.1 1.0 9.5 19.2 28.0 33.0
0022401025,2,Stephen Curry,201939,GSW,ATL,2025-03-22,1,25.2,31.47,1.0,1.24,3.035,1.7950000000000002,24.36254166666667,235.55875,234.78979166666667,-9,True,False,-19.0 -14.1 -8.2 2.0 9.2 17.0 21.0,-18.0 -14.1 -6.0 5.0 12.0 19.0 24.0
0022401024,2,Ziaire Williams,1630533,BKN,IND,2025-03-22,3,12.733333333333333,32.62,2.0,-5.035,-3.275,1.7600000000000002,33.0585,235.30875000000003,234.67208333333335,-5,True,False,-24.0 -22.0 -14.2 -5.5 3.0 12.2 18.0,-26.0 -21.0 -11.0 -3.0 6.0 12.0 19.0
0022401027,2,Malik Monk,1628370,SAC,MIL,2025-03-23,3,17.866666666666667,36.41,2.0,-0.125,1.215,1.34,31.352333333333338,235.06687500000004,233.73583333333335,-6,True,False,-19.0 -15.1 -9.0 -1.0 8.2 17.1 22.0,-23.0 -19.0 -8.0 2.0 11.0 18.0 23.0
0022401026,2,Miles McBride,1630540,NYK,WAS,2025-03-23,3,11.6,35.59,3.0,11.595,10.245,-1.3500000000000014,29.857041666666664,229.87041666666667,233.87854166666668,19,False,False,-10.0 -7.1 2.8 12.0 21.2 30.0 34.0,-11.0 -7.1 -1.0 11.0 20.0 27.0 35.0
0022501220,3,Anthony Edwards,1630162,MIN,SAC,2025-12-15,1,28.733333333333334,38.94,6.0,7.415,7.52,0.1049999999999995,30.461291666666668,239.810625,240.68687499999993,14,True,True,-15.0 -11.0 -2.0 6.5 18.0 25.1 29.0,-15.0 -9.0 -2.0 8.0 15.0 24.0 31.0
0022501228,3,Austin Reaves,1630559,LAL,PHX,2025-12-15,2,26.333333333333332,36.86,4.0,4.655,4.745,0.0899999999999998,31.125833333333333,240.311875,240.42208333333335,2,True,True,-16.0 -14.0 -4.0 6.0 13.0 18.1 24.0,-15.0 -10.1 -5.0 5.0 14.0 21.1 27.0
0022501223,3,Ayo Dosunmu,1630245,CHI,NOP,2025-12-15,3,14.733333333333333,31.58,7.0,6.49,6.385,-0.1050000000000004,25.65895833333333,240.45520833333333,240.59250000000003,-10,True,True,-18.0 -15.0 -3.0 6.0 16.2 25.0 31.0,-16.0 -11.1 -3.0 6.0 16.0 24.0 29.0
0022501224,3,Anthony Davis,203076,DAL,UTA,2025-12-16,1,21.066666666666663,29.36,3.0,4.7,4.545,-0.1550000000000002,29.662708333333335,239.70895833333327,240.30041666666665,-7,True,True,-16.0 -12.0 -4.0 5.0 14.0 21.1 24.0,-19.0 -13.0 -6.0 6.0 13.0 20.1 26.0
0022500367,3,Evan Mobley,1630596,CLE,CHI,2025-12-18,1,18.2,32.78,5.0,4.175,4.705,0.5300000000000002,29.129916666666663,240.3264583333333,240.790625,-16,True,True,-17.0 -14.0 -7.0 5.0 14.0 22.1 27.0,-18.1 -13.0 -6.0 4.0 14.0 24.2 29.1
0022500377,3,Jalen Suggs,1630591,ORL,DEN,2025-12-19,3,17.133333333333333,29.22,6.0,-1.655,-1.545,0.1100000000000001,30.23875,241.0275,240.6064583333333,-11,True,True,-24.1 -20.0 -11.2 -2.0 8.0 16.1 23.0,-21.0 -18.1 -11.0 -2.0 8.0 16.0 20.0
0022500369,3,James Harden,201935,LAC,OKC,2025-12-19,1,27.333333333333332,36.64,3.0,-10.02,-5.39,4.63,34.49945833333334,240.61791666666664,239.87354166666665,-21,True,True,-30.0 -25.1 -18.0 -10.0 -2.0 8.0 10.0,-28.0 -23.1 -14.0 -5.5 4.0 11.0 16.0
0022500372,3,Josh Hart,1628404,NYK,IND,2025-12-19,3,15.066666666666666,32.79,6.0,5.145,4.88,-0.2649999999999997,32.00366666666667,240.82479166666664,240.58,1,True,True,-15.1 -9.0 -4.0 4.0 14.0 20.0 24.0,-16.1 -13.0 -3.0 5.0 13.0 21.2 28.0
0022500379,3,Lauri Markkanen,1628374,UTA,LAL,2025-12-19,2,27.466666666666665,35.78,3.0,-8.985,-7.225,1.7599999999999998,31.149875,240.77729166666663,240.37895833333332,-8,True,True,-31.0 -25.1 -18.0 -8.5 -1.0 7.1 13.0,-31.0 -25.0 -16.0 -7.0 3.0 10.0 16.0
0022500380,3,Zach LaVine,203897,SAC,POR,2025-12-19,3,17.533333333333335,29.25,4.0,3.395,0.88,-2.515,29.86325,240.54479166666667,240.67583333333337,-1,True,True,-23.0 -16.0 -6.2 4.0 14.0 22.0 27.0,-20.0 -16.0 -8.2 -1.0 10.0 18.0 23.0
0022500381,3,Andrew Wiggins,203952,MIA,BOS,2025-12-20,3,15.8,31.94,1.0,-0.85,1.14,1.99,33.811708333333335,240.10041666666663,240.5583333333333,-13,True,True,-24.0 -19.1 -10.0 -2.0 8.0 18.1 26.1,-19.1 -16.0 -8.2 0.0 10.0 19.0 27.0
0022500384,3,Donovan Mitchell,1628378,CLE,CHI,2025-12-20,1,30.933333333333337,36.17,2.0,0.415,1.975,1.56,32.340291666666666,240.53291666666664,241.00208333333333,-11,True,True,-19.0 -16.0 -9.0 -1.0 8.2 16.1 25.0,-19.0 -14.0 -6.2 2.0 10.2 19.1 22.0
0022500382,3,Joel Embiid,203954,PHI,NYK,2025-12-20,1,20.266666666666666,31.89,6.0,-5.555,-4.615,0.9399999999999996,29.205499999999997,240.804375,239.89916666666667,9,True,True,-30.0 -23.0 -15.0 -6.0 4.0 12.1 22.1,-27.0 -22.1 -13.2 -4.0 5.0 11.1 19.0
0022500391,3,Bilal Coulibaly,1641731,WAS,MEM,2025-12-21,3,8.933333333333334,28.68,2.0,-5.655,-4.3,1.3550000000000004,27.997791666666668,240.56875,240.473125,8,True,True,-26.0 -22.0 -13.0 -5.0 3.0 10.0 12.0,-27.0 -19.1 -13.0 -4.0 4.0 12.0 19.0
0022500388,3,Jaylen Brown,1627759,BOS,TOR,2025-12-21,1,30.333333333333332,35.0,1.0,2.405,3.885,1.48,29.206875,240.83625,240.91562500000003,16,True,True,-21.0 -14.1 -6.0 4.0 11.0 17.0 23.0,-20.0 -11.0 -5.2 4.0 12.2 22.0 27.0
0022500393,3,Lauri Markkanen,1628374,UTA,ORL,2025-12-21,2,27.466666666666665,35.78,5.0,-7.435,-5.725,1.71,30.136208333333332,240.29958333333332,240.10833333333332,-1,True,True,-29.0 -24.1 -17.2 -7.0 3.0 8.1 15.0,-28.0 -22.1 -15.2 -6.0 5.0 10.0 15.0
0022500387,3,Paul George,202331,PHI,DAL,2025-12-21,1,16.266666666666666,31.99,1.0,2.74,3.4,0.6599999999999997,30.22233333333333,240.56645833333337,241.08729166666663,7,True,True,-22.0 -15.1 -6.2 4.0 12.0 20.0 23.0,-18.0 -13.0 -5.0 3.0 12.0 22.0 24.0
0022500394,3,Zach LaVine,203897,SAC,POR,2025-12-21,3,17.533333333333335,29.25,6.0,0.39,0.13,-0.26,29.309166666666663,240.85125,240.50020833333335,-5,True,True,-25.0 -17.1 -9.0 1.0 10.0 17.0 25.0,-23.0 -16.1 -8.2 1.0 9.0 18.1 22.0
0022500399,3,Alex Sarr,1642259,WAS,SAS,2025-12-22,3,19.733333333333334,29.7,1.0,-13.07,-12.685,0.3849999999999998,32.549375000000005,240.375,240.25270833333332,-11,True,True,-38.0 -32.1 -23.0 -12.0 -4.0 7.0 12.0,-36.0 -31.1 -23.0 -12.0 -4.0 5.1 11.0
0022500401,3,Zach LaVine,203897,SAC,HOU,2025-12-22,3,17.533333333333335,29.25,7.0,-7.935,-7.485,0.4499999999999993,28.542041666666663,240.74375,240.16291666666663,1,True,True,-25.1 -23.0 -15.0 -8.0 -1.0 7.0 9.0,-29.1 -23.0 -16.0 -7.0 1.0 9.0 11.0
0022500411,3,Dyson Daniels,1630700,ATL,CHI,2025-12-24,3,14.133333333333333,33.72,3.0,-3.115,-1.225,1.89,31.576125,239.72249999999997,240.795625,-3,True,True,-26.0 -20.0 -12.0 -3.5 6.0 15.0 18.0,-25.0 -21.1 -11.0 -1.0 9.0 16.0 21.0
0022500422,3,Ivica Zubac,1627826,LAC,HOU,2025-12-24,3,15.4,29.41,3.0,-4.91,-5.88,-0.9699999999999998,27.067083333333336,240.86145833333336,240.1675,20,True,True,-29.0 -26.0 -13.0 -4.0 4.0 11.0 14.1,-27.0 -24.0 -15.2 -6.0 3.0 11.0 18.0
0022500416,3,Jaden McDaniels,1630183,MIN,NYK,2025-12-24,3,14.0,30.98,2.0,0.405,2.36,1.955,26.842875,240.34541666666664,240.55458333333337,11,True,True,-19.0 -16.0 -9.0 -1.0 8.2 18.0 23.0,-20.0 -15.0 -7.0 2.0 10.0 19.1 26.1
0022500416,3,Jalen Brunson,1628973,NYK,MIN,2025-12-24,1,29.4,37.4,3.0,-0.405,-1.555,-1.15,32.418958333333336,240.3454166666667,241.175,-11,True,True,-23.0 -18.0 -8.2 1.0 9.0 16.0 19.0,-23.0 -18.0 -9.0 -3.0 7.0 13.1 20.0
0022500419,3,Lauri Markkanen,1628374,UTA,MEM,2025-12-24,2,27.866666666666667,35.8,1.0,-5.27,-4.35,0.92,30.075291666666665,240.0116666666667,240.27250000000004,-9,True,True,-32.0 -24.1 -12.0 -5.0 3.2 10.2 17.0,-28.0 -24.1 -13.0 -5.0 7.2 13.0 17.0
0022500418,3,Luka Dončić,1629029,LAL,PHX,2025-12-24,1,31.733333333333334,35.15,3.0,0.18,3.23,3.05,29.934,240.46708333333336,240.7672916666667,-24,True,True,-20.0 -16.1 -9.0 1.0 9.0 17.0 21.0,-16.0 -11.1 -5.0 3.0 12.0 19.1 23.0
0022500432,3,Anthony Davis,203076,DAL,SAC,2025-12-27,1,20.533333333333335,31.6,2.0,-0.01,-0.17,-0.16,27.850166666666667,240.57791666666665,240.56770833333337,-6,True,True,-19.1 -16.0 -9.0 -1.0 9.0 17.0 20.0,-24.0 -18.0 -9.0 1.0 9.0 17.0 21.0
0022500423,3,Bam Adebayo,1628389,MIA,ATL,2025-12-27,1,17.2,33.14,3.0,4.86,5.16,0.2999999999999998,29.355958333333337,240.633125,241.32416666666668,15,True,True,-17.0 -12.1 -4.2 6.0 14.0 21.0 28.0,-20.0 -13.0 -4.0 6.0 14.2 22.1 28.0
0022500431,3,Ivica Zubac,1627826,LAC,POR,2025-12-27,3,15.4,29.41,6.0,4.96,5.645,0.6849999999999996,26.348291666666668,241.18666666666664,240.48395833333336,16,True,True,-14.0 -11.1 -4.0 5.0 14.0 21.0 26.0,-18.0 -12.1 -4.2 6.0 14.0 25.0 28.0
0022500432,3,Keegan Murray,1631099,SAC,DAL,2025-12-27,3,14.133333333333333,39.78,3.0,0.01,1.19,1.18,35.90608333333333,240.57791666666665,240.794375,6,True,True,-20.0 -17.0 -9.0 1.0 9.0 16.0 19.1,-18.0 -16.0 -6.2 2.0 10.0 16.0 21.1
0022500438,3,Alperen Şengün,1630578,HOU,CLE,2025-12-28,1,22.266666666666666,35.86,2.0,-0.01,-0.1,-0.09,27.027333333333335,240.42208333333335,240.89770833333336,17,True,True,-19.0 -15.1 -9.0 1.0 7.2 16.0 21.0,-20.0 -17.0 -10.0 1.0 9.0 16.0 21.0
0022500436,3,Bam Adebayo,1628389,MIA,IND,2025-12-28,1,17.2,33.14,4.0,7.505,6.545,-0.96,27.811916666666665,240.96604166666663,240.71520833333332,26,True,True,-17.0 -9.0 -2.0 9.0 16.0 24.0 29.0,-15.0 -10.1 -2.2 7.0 15.0 23.0 26.1
0022500440,3,De'Aaron Fox,1628368,SAS,UTA,2025-12-28,2,21.133333333333333,29.4,3.0,5.745,7.02,1.2749999999999997,26.8735,240.646875,240.6575,-13,True,True,-17.0 -12.1 -3.0 5.0 16.0 23.1 29.0,-13.0 -8.0 -2.0 6.5 17.0 21.1 25.0
0022500442,3,Joel Embiid,203954,PHI,OKC,2025-12-28,1,20.533333333333335,30.55,1.0,-6.83,-8.95,-2.119999999999999,26.00375,240.96312500000005,240.13416666666663,-25,True,True,-26.0 -23.1 -16.0 -7.0 3.0 9.0 13.0,-29.0 -25.0 -18.2 -8.0 -2.0 7.0 14.0
0022500435,3,Josh Hart,1628404,NYK,ATL,2025-12-28,3,14.266666666666667,33.36,3.0,4.095,7.695,3.6000000000000005,30.86370833333333,239.16083333333333,240.419375,3,True,True,-19.1 -12.1 -5.0 4.0 14.0 20.1 25.0,-15.0 -10.0 -1.0 8.0 16.2 25.0 30.0
0022500443,3,Kyshawn George,1642273,WAS,MEM,2025-12-28,3,13.666666666666666,34.07,1.0,-7.21,-4.995,2.215,32.45725,240.70270833333333,241.02541666666667,4,True,True,-29.0 -23.0 -16.0 -7.0 3.0 10.0 12.0,-26.0 -23.0 -14.2 -5.0 5.0 11.0 16.1
0022500446,3,Keegan Murray,1631099,SAC,LAL,2025-12-29,3,14.133333333333333,39.78,5.0,-0.155,-0.75,-0.595,35.328250000000004,240.468125,240.47625,-24,True,True,-21.0 -17.0 -9.0 1.0 9.0 15.0 20.0,-22.0 -18.0 -11.0 -2.0 8.0 16.1 25.0
0022500453,3,Alperen Şengün,1630578,HOU,IND,2025-12-30,1,22.266666666666666,35.86,4.0,7.145,8.28,1.1349999999999998,26.971208333333333,240.4979166666667,240.501875,7,True,True,-13.0 -7.1 -2.0 7.0 15.0 21.1 26.0,-13.0 -8.1 -2.0 9.0 18.2 25.0 28.0
0022500457,3,Anthony Davis,203076,DAL,POR,2025-12-30,1,20.533333333333335,31.6,5.0,1.395,1.585,0.1899999999999999,28.68375,240.631875,240.88395833333337,-3,True,True,-20.0 -16.0 -9.0 2.0 10.0 19.1 22.0,-22.0 -17.1 -7.2 2.0 11.0 19.0 23.2
0022500455,3,Jalen Johnson,1630552,ATL,OKC,2025-12-30,2,24.866666666666667,36.08,2.0,-9.49,-7.21,2.28,32.32758333333333,240.58395833333333,240.65625,-11,True,True,-36.0 -28.1 -19.0 -9.0 1.0 9.0 11.0,-28.1 -25.0 -16.0 -7.0 2.0 9.0 12.0
0022500454,3,Josh Hart,1628404,NYK,NOP,2025-12-30,3,14.266666666666667,33.36,5.0,10.73,11.375,0.6449999999999996,26.415916666666664,240.7077083333333,240.2927083333333,5,True,True,-12.0 -7.1 1.0 10.0 21.2 30.0 35.0,-8.0 -4.1 3.8 11.5 19.0 26.1 32.0
0022500448,3,Kyshawn George,1642273,WAS,PHX,2025-12-30,3,13.666666666666666,34.07,3.0,-6.39,-6.285,0.1049999999999995,33.03783333333333,240.3522916666667,240.87145833333335,-14,True,True,-28.0 -24.0 -16.0 -6.0 3.0 11.0 17.0,-31.0 -25.0 -14.0 -6.0 3.0 11.1 18.0
0022500451,3,RJ Barrett,1629628,TOR,ORL,2025-12-30,3,18.8,28.05,2.0,-1.65,-0.425,1.225,24.224416666666663,240.77708333333337,240.7597916666667,1,True,True,-24.1 -20.1 -11.0 -1.5 8.0 14.0 19.0,-21.1 -17.0 -10.0 -1.0 9.0 15.0 22.0
0022500460,3,Rui Hachimura,1629060,LAL,DET,2025-12-31,3,12.866666666666667,29.62,2.0,-1.79,-3.43,-1.64,25.936541666666667,239.75583333333336,240.5916666666667,-22,True,True,-25.0 -19.0 -11.0 -2.0 7.0 12.0 18.0,-26.0 -22.0 -12.0 -3.0 5.0 13.1 18.1
0022500467,3,Josh Hart,1628404,NYK,SAS,2026-01-01,3,14.266666666666667,33.36,7.0,0.23,3.11,2.88,28.392833333333332,240.44312499999995,239.88708333333332,-2,True,True,-22.0 -15.1 -9.0 1.0 9.0 17.1 21.0,-17.2 -12.1 -6.0 3.0 12.0 18.0 23.0
0022500469,3,Kyshawn George,1642273,WAS,MIL,2026-01-01,3,13.666666666666666,34.07,5.0,-6.395,-6.69,-0.2950000000000008,31.253958333333333,239.68229166666663,240.5777083333333,1,True,True,-28.1 -24.0 -14.2 -5.0 3.0 9.0 13.1,-28.0 -26.0 -16.0 -8.0 3.0 10.0 15.1
0022500471,3,Michael Porter Jr.,1629008,BKN,HOU,2026-01-01,2,27.8,34.45,2.0,-8.35,-4.91,3.4399999999999995,35.84745833333333,240.14416666666668,240.3491666666667,-24,True,True,-28.0 -25.0 -18.2 -9.0 1.0 9.1 14.0,-27.1 -22.1 -13.0 -7.0 5.2 14.0 17.0
0022500475,3,Lauri Markkanen,1628374,UTA,LAC,2026-01-02,2,24.933333333333337,38.6,2.0,-10.385,-7.065,3.3199999999999994,33.866625,240.25979166666667,240.2022916666667,-17,True,True,-36.0 -27.1 -17.2 -10.0 -2.8 6.1 10.0,-31.0 -26.0 -16.0 -7.0 3.0 11.1 17.0
0022500484,3,Jimmy Butler,202710,GSW,OKC,2026-01-03,3,19.133333333333333,33.43,3.0,-7.12,-5.97,1.1500000000000004,33.47683333333333,240.49145833333336,240.50291666666664,-37,True,True,-31.0 -24.0 -16.0 -8.0 4.0 9.1 16.0,-28.0 -21.0 -15.0 -7.0 3.0 11.0 17.0
0022500480,3,Josh Giddey,1630581,CHI,ORL,2026-01-03,3,17.733333333333334,29.01,4.0,-2.37,-1.09,1.28,26.130708333333335,240.49520833333332,241.355,7,True,True,-22.1 -17.0 -11.0 -3.0 7.2 14.0 18.0,-20.0 -17.0 -8.2 -2.0 6.0 14.1 19.1
0022500477,3,Kyshawn George,1642273,WAS,BKN,2026-01-03,3,13.666666666666666,34.07,7.0,-2.495,-1.54,0.955,31.495583333333332,240.46854166666668,240.45458333333335,20,True,True,-23.0 -20.0 -11.2 -2.0 6.2 14.0 21.0,-22.0 -18.1 -10.2 -3.5 8.0 14.2 22.0
0022500477,3,Michael Porter Jr.,1629008,BKN,WAS,2026-01-03,2,27.8,34.45,4.0,2.495,2.81,0.3149999999999999,34.968333333333334,240.46854166666668,241.21708333333336,-20,True,True,-21.0 -14.0 -6.2 2.0 11.2 20.0 23.0,-18.0 -13.1 -7.0 3.0 12.0 18.2 24.0
0022500481,3,Moussa Diabate,1631217,CHA,MIL,2026-01-03,3,6.333333333333333,31.8,3.0,-1.705,-2.47,-0.7650000000000001,33.102125,240.06145833333332,239.931875,-1,True,True,-26.0 -21.0 -10.0 -1.5 6.0 16.0 21.0,-27.0 -22.0 -11.2 -3.0 6.2 15.1 20.0
0022500485,3,Rui Hachimura,1629060,LAL,MEM,2026-01-03,3,12.866666666666667,29.62,5.0,0.84,1.18,0.3399999999999999,29.173416666666665,240.5358333333333,240.998125,7,True,True,-22.0 -17.1 -8.0 1.0 10.0 17.1 24.0,-21.0 -13.1 -7.0 2.0 9.0 19.1 23.0
0022500482,3,Trey Murphy III,1630530,NOP,POR,2026-01-03,2,20.666666666666668,33.94,2.0,-4.665,-5.565,-0.9000000000000004,33.04,240.61458333333337,240.385625,-13,True,True,-26.0 -21.0 -12.0 -4.0 4.0 10.0 18.0,-27.1 -22.1 -14.2 -7.0 4.0 13.1 18.0
0022500489,3,Josh Giddey,1630581,CHI,CHA,2026-01-04,3,17.733333333333334,29.01,5.0,2.43,0.92,-1.5100000000000002,27.788166666666665,240.60083333333333,240.27375,-13,True,True,-21.0 -15.1 -6.0 2.0 12.2 19.0 26.0,-22.0 -17.2 -8.0 2.5 11.0 17.1 21.0
0022500492,3,Jusuf Nurkić,203994,UTA,GSW,2026-01-04,3,12.2,29.19,4.0,-9.285,-9.505,-0.2200000000000006,26.135041666666663,239.795625,239.28833333333333,-9,True,True,-32.0 -28.0 -19.0 -9.0 2.0 9.1 12.1,-38.0 -30.1 -16.2 -9.0 -1.0 8.0 11.0
0022500489,3,Moussa Diabate,1631217,CHA,CHI,2026-01-04,3,6.333333333333333,31.8,4.0,-2.43,-2.795,-0.3649999999999997,36.576791666666665,240.60083333333333,240.82458333333335,13,True,True,-26.0 -19.0 -12.2 -2.0 6.0 15.1 21.0,-28.0 -24.0 -12.0 -1.5 6.0 15.0 19.0
0022500496,3,Nic Claxton,1629651,BKN,DEN,2026-01-04,3,12.866666666666667,28.76,3.0,-2.765,-2.215,0.5500000000000003,34.781333333333336,240.52916666666667,240.743125,12,True,True,-24.0 -18.0 -12.0 -5.0 8.0 13.1 20.0,-25.0 -20.0 -10.0 -3.0 6.0 15.1 21.0
0022500497,3,Saddiq Bey,1630180,NOP,MIA,2026-01-04,3,18.533333333333335,31.96,3.0,-10.98,-11.035,-0.0549999999999997,26.943875,240.60604166666664,240.21270833333332,-19,True,True,-35.0 -29.0 -18.0 -11.0 -3.0 5.0 10.1,-34.1 -30.0 -20.0 -11.0 -1.0 6.0 11.0
0022500501,3,Ja Morant,1629630,MEM,LAL,2026-01-05,3,18.133333333333333,29.13,2.0,-1.055,-1.45,-0.395,26.23258333333333,240.438125,240.62479166666668,-6,True,True,-26.0 -21.0 -11.0 -1.0 10.0 17.1 21.0,-22.0 -16.1 -10.0 -1.0 6.0 14.0 18.0
0022500501,3,Rui Hachimura,1629060,LAL,MEM,2026-01-05,3,12.866666666666667,29.62,7.0,1.055,1.205,0.1500000000000001,29.003416666666663,240.438125,240.78625000000005,6,True,True,-21.0 -17.1 -10.0 1.0 11.0 21.0 26.0,-21.0 -16.1 -9.0 2.0 10.0 17.0 24.0
0022500507,3,Jamal Murray,1627750,DEN,PHI,2026-01-06,2,28.133333333333333,37.21,2.0,-6.025,-1.94,4.085000000000001,36.95070833333333,240.35416666666663,240.115625,1,True,True,-30.1 -23.0 -15.0 -7.0 4.0 11.2 17.0,-25.0 -19.1 -11.0 -2.0 6.2 14.1 22.0
0022500508,3,James Harden,201935,LAC,GSW,2026-01-06,1,22.866666666666667,34.02,2.0,-3.635,-2.31,1.3249999999999995,33.187416666666664,240.03604166666668,240.4285416666667,1,True,True,-26.0 -22.0 -11.2 -4.5 5.0 13.1 18.0,-27.1 -19.2 -11.0 -2.0 7.0 16.0 21.0
0022500503,3,Josh Giddey,1630581,CHI,BOS,2026-01-06,3,17.733333333333334,29.01,7.0,-6.375,-2.535,3.84,24.007875,240.66145833333337,240.87291666666664,-14,True,True,-28.0 -24.0 -17.0 -5.0 3.0 11.0 14.0,-23.0 -18.0 -11.2 -2.0 6.0 12.0 18.0
0022500510,3,Bennedict Mathurin,1631097,IND,CLE,2026-01-07,3,14.6,29.16,4.0,-5.365,-4.775,0.5899999999999999,27.595458333333333,240.3639583333333,241.1945833333333,-4,True,True,-29.2 -23.0 -14.0 -6.0 5.0 14.0 17.0,-31.0 -23.0 -13.0 -6.0 5.0 12.0 19.1
0022500510,3,Donovan Mitchell,1628378,CLE,IND,2026-01-07,1,29.666666666666668,32.66,3.0,5.365,5.32,-0.0449999999999999,28.419458333333335,240.36395833333336,240.56208333333333,4,True,True,-17.0 -14.0 -5.0 6.0 14.0 23.0 29.2,-17.0 -12.1 -5.0 4.0 16.0 25.1 31.0
0022500512,3,Ja Morant,1629630,MEM,SAS,2026-01-07,3,18.133333333333333,29.13,4.0,-5.905,-5.22,0.6850000000000005,25.1865,240.40979166666668,240.970625,1,True,True,-27.0 -22.1 -15.0 -7.0 4.2 12.0 15.0,-30.0 -24.0 -13.0 -4.5 4.0 12.1 16.0
0022500515,3,P.J. Washington,1629023,DAL,SAC,2026-01-07,3,15.2,28.33,3.0,2.575,2.405,-0.1700000000000003,30.484083333333334,240.37437499999996,240.805625,2,True,True,-21.0 -16.0 -9.0 2.0 14.0 22.1 28.0,-20.0 -13.1 -6.0 2.5 11.0 19.0 25.0
0022500514,3,Saddiq Bey,1630180,NOP,LAL,2026-01-07,3,18.533333333333335,31.96,6.0,-5.96,-5.04,0.92,30.1075,240.42895833333333,240.44875000000008,-8,True,True,-29.0 -23.0 -13.0 -6.0 3.2 9.1 13.0,-26.0 -23.0 -15.0 -5.0 5.0 13.0 18.0
0022500516,3,Brandon Miller,1641706,CHA,TOR,2026-01-08,2,21.666666666666668,33.83,2.0,-4.65,-3.305,1.3450000000000002,30.55366666666667,240.91291666666663,240.31770833333337,-1,True,True,-25.0 -22.0 -13.0 -5.0 4.2 12.0 16.0,-23.0 -20.1 -12.0 -3.0 6.0 13.0 16.0
0022500524,3,Ja Morant,1629630,MEM,PHX,2026-01-08,3,18.133333333333333,29.13,5.0,-2.505,-2.875,-0.3700000000000001,25.38266666666667,240.53583333333333,240.47416666666663,-19,True,True,-25.0 -21.1 -11.0 -3.0 6.0 15.1 20.0,-31.0 -20.1 -11.2 -4.0 8.0 14.1 20.1
0022500523,3,LeBron James,2544,LAL,SAS,2026-01-08,1,22.533333333333335,33.51,1.0,-3.64,-3.35,0.29,25.835541666666664,240.441875,240.84645833333337,-16,True,True,-31.0 -24.0 -16.0 -4.0 8.0 17.0 22.0,-26.0 -23.0 -13.0 -2.5 6.2 15.0 17.0
0022500519,3,Onyeka Okongwu,1630168,ATL,NOP,2026-01-08,3,15.266666666666667,31.83,2.0,7.26,7.7,0.4400000000000004,27.511083333333332,240.33770833333335,240.25770833333337,17,True,True,-13.0 -9.0 -3.0 6.0 15.0 27.0 32.0,-18.0 -12.1 -2.0 8.5 18.0 24.0 30.0
0022500519,3,Trey Murphy III,1630530,NOP,ATL,2026-01-08,2,22.4,36.95,1.0,-7.26,-4.845,2.415,34.10016666666667,240.33770833333335,240.28166666666667,-17,True,True,-32.0 -27.0 -15.0 -6.0 3.0 9.0 13.0,-29.0 -24.0 -14.0 -5.0 6.0 14.0 20.0
0022500528,3,Bennedict Mathurin,1631097,IND,CHA,2026-01-09,3,14.6,29.16,6.0,-0.9,-2.37,-1.4700000000000002,28.118,240.538125,240.249375,2,True,True,-24.0 -20.0 -10.2 1.0 8.0 16.1 22.0,-27.0 -21.0 -12.2 -2.0 7.0 13.0 20.0
0022500531,3,Jusuf Nurkić,203994,UTA,DAL,2026-01-09,3,13.533333333333331,32.41,1.0,-5.26,-3.76,1.5,27.988916666666668,240.72833333333332,240.59770833333337,2,True,True,-23.0 -19.0 -12.0 -6.0 3.2 9.1 15.1,-30.0 -20.1 -13.0 -3.0 6.0 13.1 16.0
0022500531,3,P.J. Washington,1629023,DAL,UTA,2026-01-09,3,15.2,28.33,5.0,5.26,4.635,-0.625,29.2295,240.72833333333335,240.5354166666667,-2,True,True,-15.1 -9.1 -3.2 6.0 12.0 19.0 23.0,-15.1 -11.1 -4.0 4.5 12.0 21.1 27.1
0022500532,3,Scottie Barnes,1630567,TOR,BOS,2026-01-10,1,16.933333333333334,33.19,2.0,-6.135,-1.635,4.5,29.46966666666667,240.86541666666665,240.29666666666668,-8,True,True,-28.0 -24.1 -16.0 -6.0 4.0 12.0 15.0,-24.0 -19.0 -11.0 -1.0 9.0 14.1 20.0
